Watching for file changes with StatReloader
C:\Users\jyash\Desktop\ecom\config\settings.py changed, reloading.
Watching for file changes with StatReloader
C:\Users\jyash\Desktop\ecom\store\views.py changed, reloading.
Watching for file changes with StatReloader
C:\Users\jyash\Desktop\ecom\store\views.py changed, reloading.
Watching for file changes with StatReloader
C:\Users\jyash\Desktop\ecom\store\models.py changed, reloading.
Watching for file changes with StatReloader
C:\Users\jyash\Desktop\ecom\store\models.py changed, reloading.
Watching for file changes with StatReloader
C:\Users\jyash\Desktop\ecom\store\models.py changed, reloading.
Watching for file changes with StatReloader
C:\Users\jyash\Desktop\ecom\store\models.py changed, reloading.
Watching for file changes with StatReloader
C:\Users\jyash\Desktop\ecom\store\models.py changed, reloading.
Watching for file changes with StatReloader
C:\Users\jyash\Desktop\ecom\store\views.py changed, reloading.
Watching for file changes with StatReloader
C:\Users\jyash\Desktop\ecom\store\views.py changed, reloading.
Watching for file changes with StatReloader
"GET /signin/ HTTP/1.1" 200 1666
"POST /signin/ HTTP/1.1" 200 25630
Internal Server Error: /store/profile/
Traceback (most recent call last):
  File "C:\Users\jyash\Desktop\djang\djan\Lib\site-packages\django\core\handlers\exception.py", line 55, in inner
    response = get_response(request)
               ^^^^^^^^^^^^^^^^^^^^^
  File "C:\Users\jyash\Desktop\djang\djan\Lib\site-packages\django\core\handlers\base.py", line 197, in _get_response
    response = wrapped_callback(request, *callback_args, **callback_kwargs)
               ^^^^^^^^^^^^^^^^^^^^^^^^^^^^^^^^^^^^^^^^^^^^^^^^^^^^^^^^^^^^
  File "C:\Users\jyash\Desktop\ecom\store\views.py", line 206, in seller_pro
    print(seller[0].user.is_authenticated)
          ~~~~~~^^^
TypeError: 'Seller' object is not subscriptable
"GET /store/profile/ HTTP/1.1" 500 71135
C:\Users\jyash\Desktop\ecom\store\views.py changed, reloading.
Watching for file changes with StatReloader
C:\Users\jyash\Desktop\ecom\store\views.py changed, reloading.
Watching for file changes with StatReloader
"GET /store/profile/ HTTP/1.1" 200 19347
C:\Users\jyash\Desktop\ecom\store\views.py changed, reloading.
Watching for file changes with StatReloader
"GET /store/profile/ HTTP/1.1" 200 19290
Watching for file changes with StatReloader
"GET /store/profile/ HTTP/1.1" 200 20298
C:\Users\jyash\Desktop\ecom\store\views.py changed, reloading.
Watching for file changes with StatReloader
C:\Users\jyash\Desktop\ecom\store\views.py changed, reloading.
Watching for file changes with StatReloader
"GET /store/profile/ HTTP/1.1" 200 20298
"GET /store/profile/ HTTP/1.1" 200 20320
"GET /admin HTTP/1.1" 301 0
"GET /admin/ HTTP/1.1" 302 0
"GET /admin/login/?next=/admin/ HTTP/1.1" 200 3686
"GET /static/admin/css/login.css HTTP/1.1" 200 951
"GET /static/admin/css/dark_mode.css HTTP/1.1" 200 2808
"GET /static/admin/css/base.css HTTP/1.1" 200 22120
"GET /static/admin/css/nav_sidebar.css HTTP/1.1" 200 2810
"GET /static/admin/css/responsive.css HTTP/1.1" 200 16565
"GET /static/admin/js/theme.js HTTP/1.1" 200 1653
"GET /static/admin/js/nav_sidebar.js HTTP/1.1" 200 3063
"POST /admin/login/?next=/admin/ HTTP/1.1" 302 0
"GET /admin/ HTTP/1.1" 200 13387
"GET /static/admin/css/dashboard.css HTTP/1.1" 200 441
"GET /static/admin/img/icon-deletelink.svg HTTP/1.1" 200 392
"GET /static/admin/img/icon-addlink.svg HTTP/1.1" 200 331
"GET /static/admin/img/icon-changelink.svg HTTP/1.1" 200 380
"GET /admin/userprofile/userprofile/ HTTP/1.1" 200 16096
"GET /static/admin/css/changelists.css HTTP/1.1" 200 6878
"GET /admin/jsi18n/ HTTP/1.1" 200 3342
"GET /static/admin/js/jquery.init.js HTTP/1.1" 200 347
"GET /static/admin/js/core.js HTTP/1.1" 200 6208
"GET /static/admin/js/admin/RelatedObjectLookups.js HTTP/1.1" 200 9777
"GET /static/admin/js/urlify.js HTTP/1.1" 200 7887
"GET /static/admin/js/prepopulate.js HTTP/1.1" 200 1531
"GET /static/admin/js/actions.js HTTP/1.1" 200 8076
"GET /static/admin/img/search.svg HTTP/1.1" 200 458
"GET /static/admin/img/icon-yes.svg HTTP/1.1" 200 436
"GET /static/admin/js/vendor/jquery/jquery.js HTTP/1.1" 200 285314
"GET /static/admin/img/icon-no.svg HTTP/1.1" 200 560
"GET /static/admin/js/filters.js HTTP/1.1" 200 978
"GET /static/admin/js/vendor/xregexp/xregexp.js HTTP/1.1" 200 325171
"GET /static/admin/img/icon-viewlink.svg HTTP/1.1" 200 581
"GET /static/admin/img/tooltag-add.svg HTTP/1.1" 200 331
"GET /static/admin/img/sorting-icons.svg HTTP/1.1" 200 1097
"GET /admin/ HTTP/1.1" 200 13387
"GET /admin/store/seller/ HTTP/1.1" 200 11802
"GET /admin/jsi18n/ HTTP/1.1" 200 3342
"GET /admin/store/seller/2/change/ HTTP/1.1" 200 13269
"GET /admin/jsi18n/ HTTP/1.1" 200 3342
"GET /static/admin/css/forms.css HTTP/1.1" 200 8525
"GET /static/admin/js/prepopulate_init.js HTTP/1.1" 200 586
"GET /static/admin/css/widgets.css HTTP/1.1" 200 11991
"GET /static/admin/js/change_form.js HTTP/1.1" 200 606
"GET /admin/store/products/ HTTP/1.1" 200 16786
"GET /admin/jsi18n/ HTTP/1.1" 200 3342
"GET /store/ HTTP/1.1" 200 34616
"GET /media/products/product-14.jpg HTTP/1.1" 200 7938
"GET /media/products/product-9.jpg HTTP/1.1" 200 8682
"GET /media/products/6.jpg HTTP/1.1" 200 27089
"GET /media/products/9.jpg HTTP/1.1" 200 21743
"GET /signin/ HTTP/1.1" 200 1666
"POST /signin/ HTTP/1.1" 200 25630
Internal Server Error: /store/profile/
Traceback (most recent call last):
  File "C:\Users\jyash\Desktop\djang\djan\Lib\site-packages\django\core\handlers\exception.py", line 55, in inner
    response = get_response(request)
               ^^^^^^^^^^^^^^^^^^^^^
  File "C:\Users\jyash\Desktop\djang\djan\Lib\site-packages\django\core\handlers\base.py", line 197, in _get_response
    response = wrapped_callback(request, *callback_args, **callback_kwargs)
               ^^^^^^^^^^^^^^^^^^^^^^^^^^^^^^^^^^^^^^^^^^^^^^^^^^^^^^^^^^^^
  File "C:\Users\jyash\Desktop\ecom\store\views.py", line 211, in seller_pro
    return render(request, "store/profile_ven.html", context)
           ^^^^^^^^^^^^^^^^^^^^^^^^^^^^^^^^^^^^^^^^^^^^^^^^^^
  File "C:\Users\jyash\Desktop\djang\djan\Lib\site-packages\django\shortcuts.py", line 25, in render
    content = loader.render_to_string(template_name, context, request, using=using)
              ^^^^^^^^^^^^^^^^^^^^^^^^^^^^^^^^^^^^^^^^^^^^^^^^^^^^^^^^^^^^^^^^^^^^^
  File "C:\Users\jyash\Desktop\djang\djan\Lib\site-packages\django\template\loader.py", line 62, in render_to_string
    return template.render(context, request)
           ^^^^^^^^^^^^^^^^^^^^^^^^^^^^^^^^^
  File "C:\Users\jyash\Desktop\djang\djan\Lib\site-packages\django\template\backends\django.py", line 107, in render
    return self.template.render(context)
           ^^^^^^^^^^^^^^^^^^^^^^^^^^^^^
  File "C:\Users\jyash\Desktop\djang\djan\Lib\site-packages\django\template\base.py", line 171, in render
    return self._render(context)
           ^^^^^^^^^^^^^^^^^^^^^
  File "C:\Users\jyash\Desktop\djang\djan\Lib\site-packages\django\template\base.py", line 163, in _render
    return self.nodelist.render(context)
           ^^^^^^^^^^^^^^^^^^^^^^^^^^^^^
  File "C:\Users\jyash\Desktop\djang\djan\Lib\site-packages\django\template\base.py", line 1016, in render
    return SafeString("".join([node.render_annotated(context) for node in self]))
                              ^^^^^^^^^^^^^^^^^^^^^^^^^^^^^^^^^^^^^^^^^^^^^^^^^
  File "C:\Users\jyash\Desktop\djang\djan\Lib\site-packages\django\template\base.py", line 1016, in <listcomp>
    return SafeString("".join([node.render_annotated(context) for node in self]))
                               ^^^^^^^^^^^^^^^^^^^^^^^^^^^^^^
  File "C:\Users\jyash\Desktop\djang\djan\Lib\site-packages\django\template\base.py", line 977, in render_annotated
    return self.render(context)
           ^^^^^^^^^^^^^^^^^^^^
  File "C:\Users\jyash\Desktop\djang\djan\Lib\site-packages\django\template\defaulttags.py", line 480, in render
    url = reverse(view_name, args=args, kwargs=kwargs, current_app=current_app)
          ^^^^^^^^^^^^^^^^^^^^^^^^^^^^^^^^^^^^^^^^^^^^^^^^^^^^^^^^^^^^^^^^^^^^^
  File "C:\Users\jyash\Desktop\djang\djan\Lib\site-packages\django\urls\base.py", line 98, in reverse
    resolved_url = resolver._reverse_with_prefix(view, prefix, *args, **kwargs)
                   ^^^^^^^^^^^^^^^^^^^^^^^^^^^^^^^^^^^^^^^^^^^^^^^^^^^^^^^^^^^^
  File "C:\Users\jyash\Desktop\djang\djan\Lib\site-packages\django\urls\resolvers.py", line 831, in _reverse_with_prefix
    raise NoReverseMatch(msg)
django.urls.exceptions.NoReverseMatch: Reverse for 'signout' not found. 'signout' is not a valid view function or pattern name.
"GET /store/profile/ HTTP/1.1" 500 127728
Internal Server Error: /store/profile/
Traceback (most recent call last):
  File "C:\Users\jyash\Desktop\djang\djan\Lib\site-packages\django\core\handlers\exception.py", line 55, in inner
    response = get_response(request)
               ^^^^^^^^^^^^^^^^^^^^^
  File "C:\Users\jyash\Desktop\djang\djan\Lib\site-packages\django\core\handlers\base.py", line 197, in _get_response
    response = wrapped_callback(request, *callback_args, **callback_kwargs)
               ^^^^^^^^^^^^^^^^^^^^^^^^^^^^^^^^^^^^^^^^^^^^^^^^^^^^^^^^^^^^
  File "C:\Users\jyash\Desktop\ecom\store\views.py", line 211, in seller_pro
    return render(request, "store/profile_ven.html", context)
           ^^^^^^^^^^^^^^^^^^^^^^^^^^^^^^^^^^^^^^^^^^^^^^^^^^
  File "C:\Users\jyash\Desktop\djang\djan\Lib\site-packages\django\shortcuts.py", line 25, in render
    content = loader.render_to_string(template_name, context, request, using=using)
              ^^^^^^^^^^^^^^^^^^^^^^^^^^^^^^^^^^^^^^^^^^^^^^^^^^^^^^^^^^^^^^^^^^^^^
  File "C:\Users\jyash\Desktop\djang\djan\Lib\site-packages\django\template\loader.py", line 62, in render_to_string
    return template.render(context, request)
           ^^^^^^^^^^^^^^^^^^^^^^^^^^^^^^^^^
  File "C:\Users\jyash\Desktop\djang\djan\Lib\site-packages\django\template\backends\django.py", line 107, in render
    return self.template.render(context)
           ^^^^^^^^^^^^^^^^^^^^^^^^^^^^^
  File "C:\Users\jyash\Desktop\djang\djan\Lib\site-packages\django\template\base.py", line 171, in render
    return self._render(context)
           ^^^^^^^^^^^^^^^^^^^^^
  File "C:\Users\jyash\Desktop\djang\djan\Lib\site-packages\django\template\base.py", line 163, in _render
    return self.nodelist.render(context)
           ^^^^^^^^^^^^^^^^^^^^^^^^^^^^^
  File "C:\Users\jyash\Desktop\djang\djan\Lib\site-packages\django\template\base.py", line 1016, in render
    return SafeString("".join([node.render_annotated(context) for node in self]))
                              ^^^^^^^^^^^^^^^^^^^^^^^^^^^^^^^^^^^^^^^^^^^^^^^^^
  File "C:\Users\jyash\Desktop\djang\djan\Lib\site-packages\django\template\base.py", line 1016, in <listcomp>
    return SafeString("".join([node.render_annotated(context) for node in self]))
                               ^^^^^^^^^^^^^^^^^^^^^^^^^^^^^^
  File "C:\Users\jyash\Desktop\djang\djan\Lib\site-packages\django\template\base.py", line 977, in render_annotated
    return self.render(context)
           ^^^^^^^^^^^^^^^^^^^^
  File "C:\Users\jyash\Desktop\djang\djan\Lib\site-packages\django\template\defaulttags.py", line 480, in render
    url = reverse(view_name, args=args, kwargs=kwargs, current_app=current_app)
          ^^^^^^^^^^^^^^^^^^^^^^^^^^^^^^^^^^^^^^^^^^^^^^^^^^^^^^^^^^^^^^^^^^^^^
  File "C:\Users\jyash\Desktop\djang\djan\Lib\site-packages\django\urls\base.py", line 98, in reverse
    resolved_url = resolver._reverse_with_prefix(view, prefix, *args, **kwargs)
                   ^^^^^^^^^^^^^^^^^^^^^^^^^^^^^^^^^^^^^^^^^^^^^^^^^^^^^^^^^^^^
  File "C:\Users\jyash\Desktop\djang\djan\Lib\site-packages\django\urls\resolvers.py", line 831, in _reverse_with_prefix
    raise NoReverseMatch(msg)
django.urls.exceptions.NoReverseMatch: Reverse for 'add_product' not found. 'add_product' is not a valid view function or pattern name.
"GET /store/profile/ HTTP/1.1" 500 127744
Internal Server Error: /store/profile/
Traceback (most recent call last):
  File "C:\Users\jyash\Desktop\djang\djan\Lib\site-packages\django\core\handlers\exception.py", line 55, in inner
    response = get_response(request)
               ^^^^^^^^^^^^^^^^^^^^^
  File "C:\Users\jyash\Desktop\djang\djan\Lib\site-packages\django\core\handlers\base.py", line 197, in _get_response
    response = wrapped_callback(request, *callback_args, **callback_kwargs)
               ^^^^^^^^^^^^^^^^^^^^^^^^^^^^^^^^^^^^^^^^^^^^^^^^^^^^^^^^^^^^
  File "C:\Users\jyash\Desktop\ecom\store\views.py", line 211, in seller_pro
    return render(request, "store/profile_ven.html", context)
           ^^^^^^^^^^^^^^^^^^^^^^^^^^^^^^^^^^^^^^^^^^^^^^^^^^
  File "C:\Users\jyash\Desktop\djang\djan\Lib\site-packages\django\shortcuts.py", line 25, in render
    content = loader.render_to_string(template_name, context, request, using=using)
              ^^^^^^^^^^^^^^^^^^^^^^^^^^^^^^^^^^^^^^^^^^^^^^^^^^^^^^^^^^^^^^^^^^^^^
  File "C:\Users\jyash\Desktop\djang\djan\Lib\site-packages\django\template\loader.py", line 62, in render_to_string
    return template.render(context, request)
           ^^^^^^^^^^^^^^^^^^^^^^^^^^^^^^^^^
  File "C:\Users\jyash\Desktop\djang\djan\Lib\site-packages\django\template\backends\django.py", line 107, in render
    return self.template.render(context)
           ^^^^^^^^^^^^^^^^^^^^^^^^^^^^^
  File "C:\Users\jyash\Desktop\djang\djan\Lib\site-packages\django\template\base.py", line 171, in render
    return self._render(context)
           ^^^^^^^^^^^^^^^^^^^^^
  File "C:\Users\jyash\Desktop\djang\djan\Lib\site-packages\django\template\base.py", line 163, in _render
    return self.nodelist.render(context)
           ^^^^^^^^^^^^^^^^^^^^^^^^^^^^^
  File "C:\Users\jyash\Desktop\djang\djan\Lib\site-packages\django\template\base.py", line 1016, in render
    return SafeString("".join([node.render_annotated(context) for node in self]))
                              ^^^^^^^^^^^^^^^^^^^^^^^^^^^^^^^^^^^^^^^^^^^^^^^^^
  File "C:\Users\jyash\Desktop\djang\djan\Lib\site-packages\django\template\base.py", line 1016, in <listcomp>
    return SafeString("".join([node.render_annotated(context) for node in self]))
                               ^^^^^^^^^^^^^^^^^^^^^^^^^^^^^^
  File "C:\Users\jyash\Desktop\djang\djan\Lib\site-packages\django\template\base.py", line 977, in render_annotated
    return self.render(context)
           ^^^^^^^^^^^^^^^^^^^^
  File "C:\Users\jyash\Desktop\djang\djan\Lib\site-packages\django\template\defaulttags.py", line 480, in render
    url = reverse(view_name, args=args, kwargs=kwargs, current_app=current_app)
          ^^^^^^^^^^^^^^^^^^^^^^^^^^^^^^^^^^^^^^^^^^^^^^^^^^^^^^^^^^^^^^^^^^^^^
  File "C:\Users\jyash\Desktop\djang\djan\Lib\site-packages\django\urls\base.py", line 98, in reverse
    resolved_url = resolver._reverse_with_prefix(view, prefix, *args, **kwargs)
                   ^^^^^^^^^^^^^^^^^^^^^^^^^^^^^^^^^^^^^^^^^^^^^^^^^^^^^^^^^^^^
  File "C:\Users\jyash\Desktop\djang\djan\Lib\site-packages\django\urls\resolvers.py", line 831, in _reverse_with_prefix
    raise NoReverseMatch(msg)
django.urls.exceptions.NoReverseMatch: Reverse for 'add_product' not found. 'add_product' is not a valid view function or pattern name.
"GET /store/profile/ HTTP/1.1" 500 127777
Internal Server Error: /store/profile/
Traceback (most recent call last):
  File "C:\Users\jyash\Desktop\djang\djan\Lib\site-packages\django\core\handlers\exception.py", line 55, in inner
    response = get_response(request)
               ^^^^^^^^^^^^^^^^^^^^^
  File "C:\Users\jyash\Desktop\djang\djan\Lib\site-packages\django\core\handlers\base.py", line 197, in _get_response
    response = wrapped_callback(request, *callback_args, **callback_kwargs)
               ^^^^^^^^^^^^^^^^^^^^^^^^^^^^^^^^^^^^^^^^^^^^^^^^^^^^^^^^^^^^
  File "C:\Users\jyash\Desktop\ecom\store\views.py", line 211, in seller_pro
    return render(request, "store/profile_ven.html", context)
           ^^^^^^^^^^^^^^^^^^^^^^^^^^^^^^^^^^^^^^^^^^^^^^^^^^
  File "C:\Users\jyash\Desktop\djang\djan\Lib\site-packages\django\shortcuts.py", line 25, in render
    content = loader.render_to_string(template_name, context, request, using=using)
              ^^^^^^^^^^^^^^^^^^^^^^^^^^^^^^^^^^^^^^^^^^^^^^^^^^^^^^^^^^^^^^^^^^^^^
  File "C:\Users\jyash\Desktop\djang\djan\Lib\site-packages\django\template\loader.py", line 62, in render_to_string
    return template.render(context, request)
           ^^^^^^^^^^^^^^^^^^^^^^^^^^^^^^^^^
  File "C:\Users\jyash\Desktop\djang\djan\Lib\site-packages\django\template\backends\django.py", line 107, in render
    return self.template.render(context)
           ^^^^^^^^^^^^^^^^^^^^^^^^^^^^^
  File "C:\Users\jyash\Desktop\djang\djan\Lib\site-packages\django\template\base.py", line 171, in render
    return self._render(context)
           ^^^^^^^^^^^^^^^^^^^^^
  File "C:\Users\jyash\Desktop\djang\djan\Lib\site-packages\django\template\base.py", line 163, in _render
    return self.nodelist.render(context)
           ^^^^^^^^^^^^^^^^^^^^^^^^^^^^^
  File "C:\Users\jyash\Desktop\djang\djan\Lib\site-packages\django\template\base.py", line 1016, in render
    return SafeString("".join([node.render_annotated(context) for node in self]))
                              ^^^^^^^^^^^^^^^^^^^^^^^^^^^^^^^^^^^^^^^^^^^^^^^^^
  File "C:\Users\jyash\Desktop\djang\djan\Lib\site-packages\django\template\base.py", line 1016, in <listcomp>
    return SafeString("".join([node.render_annotated(context) for node in self]))
                               ^^^^^^^^^^^^^^^^^^^^^^^^^^^^^^
  File "C:\Users\jyash\Desktop\djang\djan\Lib\site-packages\django\template\base.py", line 977, in render_annotated
    return self.render(context)
           ^^^^^^^^^^^^^^^^^^^^
  File "C:\Users\jyash\Desktop\djang\djan\Lib\site-packages\django\template\defaulttags.py", line 480, in render
    url = reverse(view_name, args=args, kwargs=kwargs, current_app=current_app)
          ^^^^^^^^^^^^^^^^^^^^^^^^^^^^^^^^^^^^^^^^^^^^^^^^^^^^^^^^^^^^^^^^^^^^^
  File "C:\Users\jyash\Desktop\djang\djan\Lib\site-packages\django\urls\base.py", line 98, in reverse
    resolved_url = resolver._reverse_with_prefix(view, prefix, *args, **kwargs)
                   ^^^^^^^^^^^^^^^^^^^^^^^^^^^^^^^^^^^^^^^^^^^^^^^^^^^^^^^^^^^^
  File "C:\Users\jyash\Desktop\djang\djan\Lib\site-packages\django\urls\resolvers.py", line 831, in _reverse_with_prefix
    raise NoReverseMatch(msg)
django.urls.exceptions.NoReverseMatch: Reverse for 'add_product' not found. 'add_product' is not a valid view function or pattern name.
"GET /store/profile/ HTTP/1.1" 500 127777
Internal Server Error: /store/profile/
Traceback (most recent call last):
  File "C:\Users\jyash\Desktop\djang\djan\Lib\site-packages\django\core\handlers\exception.py", line 55, in inner
    response = get_response(request)
               ^^^^^^^^^^^^^^^^^^^^^
  File "C:\Users\jyash\Desktop\djang\djan\Lib\site-packages\django\core\handlers\base.py", line 197, in _get_response
    response = wrapped_callback(request, *callback_args, **callback_kwargs)
               ^^^^^^^^^^^^^^^^^^^^^^^^^^^^^^^^^^^^^^^^^^^^^^^^^^^^^^^^^^^^
  File "C:\Users\jyash\Desktop\ecom\store\views.py", line 211, in seller_pro
    return render(request, "store/profile_ven.html", context)
           ^^^^^^^^^^^^^^^^^^^^^^^^^^^^^^^^^^^^^^^^^^^^^^^^^^
  File "C:\Users\jyash\Desktop\djang\djan\Lib\site-packages\django\shortcuts.py", line 25, in render
    content = loader.render_to_string(template_name, context, request, using=using)
              ^^^^^^^^^^^^^^^^^^^^^^^^^^^^^^^^^^^^^^^^^^^^^^^^^^^^^^^^^^^^^^^^^^^^^
  File "C:\Users\jyash\Desktop\djang\djan\Lib\site-packages\django\template\loader.py", line 62, in render_to_string
    return template.render(context, request)
           ^^^^^^^^^^^^^^^^^^^^^^^^^^^^^^^^^
  File "C:\Users\jyash\Desktop\djang\djan\Lib\site-packages\django\template\backends\django.py", line 107, in render
    return self.template.render(context)
           ^^^^^^^^^^^^^^^^^^^^^^^^^^^^^
  File "C:\Users\jyash\Desktop\djang\djan\Lib\site-packages\django\template\base.py", line 171, in render
    return self._render(context)
           ^^^^^^^^^^^^^^^^^^^^^
  File "C:\Users\jyash\Desktop\djang\djan\Lib\site-packages\django\template\base.py", line 163, in _render
    return self.nodelist.render(context)
           ^^^^^^^^^^^^^^^^^^^^^^^^^^^^^
  File "C:\Users\jyash\Desktop\djang\djan\Lib\site-packages\django\template\base.py", line 1016, in render
    return SafeString("".join([node.render_annotated(context) for node in self]))
                              ^^^^^^^^^^^^^^^^^^^^^^^^^^^^^^^^^^^^^^^^^^^^^^^^^
  File "C:\Users\jyash\Desktop\djang\djan\Lib\site-packages\django\template\base.py", line 1016, in <listcomp>
    return SafeString("".join([node.render_annotated(context) for node in self]))
                               ^^^^^^^^^^^^^^^^^^^^^^^^^^^^^^
  File "C:\Users\jyash\Desktop\djang\djan\Lib\site-packages\django\template\base.py", line 977, in render_annotated
    return self.render(context)
           ^^^^^^^^^^^^^^^^^^^^
  File "C:\Users\jyash\Desktop\djang\djan\Lib\site-packages\django\template\defaulttags.py", line 243, in render
    nodelist.append(node.render_annotated(context))
                    ^^^^^^^^^^^^^^^^^^^^^^^^^^^^^^
  File "C:\Users\jyash\Desktop\djang\djan\Lib\site-packages\django\template\base.py", line 977, in render_annotated
    return self.render(context)
           ^^^^^^^^^^^^^^^^^^^^
  File "C:\Users\jyash\Desktop\djang\djan\Lib\site-packages\django\template\defaulttags.py", line 480, in render
    url = reverse(view_name, args=args, kwargs=kwargs, current_app=current_app)
          ^^^^^^^^^^^^^^^^^^^^^^^^^^^^^^^^^^^^^^^^^^^^^^^^^^^^^^^^^^^^^^^^^^^^^
  File "C:\Users\jyash\Desktop\djang\djan\Lib\site-packages\django\urls\base.py", line 98, in reverse
    resolved_url = resolver._reverse_with_prefix(view, prefix, *args, **kwargs)
                   ^^^^^^^^^^^^^^^^^^^^^^^^^^^^^^^^^^^^^^^^^^^^^^^^^^^^^^^^^^^^
  File "C:\Users\jyash\Desktop\djang\djan\Lib\site-packages\django\urls\resolvers.py", line 831, in _reverse_with_prefix
    raise NoReverseMatch(msg)
django.urls.exceptions.NoReverseMatch: Reverse for 'edit_product' not found. 'edit_product' is not a valid view function or pattern name.
"GET /store/profile/ HTTP/1.1" 500 139507
Internal Server Error: /store/profile/
Traceback (most recent call last):
  File "C:\Users\jyash\Desktop\djang\djan\Lib\site-packages\django\core\handlers\exception.py", line 55, in inner
    response = get_response(request)
               ^^^^^^^^^^^^^^^^^^^^^
  File "C:\Users\jyash\Desktop\djang\djan\Lib\site-packages\django\core\handlers\base.py", line 197, in _get_response
    response = wrapped_callback(request, *callback_args, **callback_kwargs)
               ^^^^^^^^^^^^^^^^^^^^^^^^^^^^^^^^^^^^^^^^^^^^^^^^^^^^^^^^^^^^
  File "C:\Users\jyash\Desktop\ecom\store\views.py", line 211, in seller_pro
    return render(request, "store/profile_ven.html", context)
           ^^^^^^^^^^^^^^^^^^^^^^^^^^^^^^^^^^^^^^^^^^^^^^^^^^
  File "C:\Users\jyash\Desktop\djang\djan\Lib\site-packages\django\shortcuts.py", line 25, in render
    content = loader.render_to_string(template_name, context, request, using=using)
              ^^^^^^^^^^^^^^^^^^^^^^^^^^^^^^^^^^^^^^^^^^^^^^^^^^^^^^^^^^^^^^^^^^^^^
  File "C:\Users\jyash\Desktop\djang\djan\Lib\site-packages\django\template\loader.py", line 62, in render_to_string
    return template.render(context, request)
           ^^^^^^^^^^^^^^^^^^^^^^^^^^^^^^^^^
  File "C:\Users\jyash\Desktop\djang\djan\Lib\site-packages\django\template\backends\django.py", line 107, in render
    return self.template.render(context)
           ^^^^^^^^^^^^^^^^^^^^^^^^^^^^^
  File "C:\Users\jyash\Desktop\djang\djan\Lib\site-packages\django\template\base.py", line 171, in render
    return self._render(context)
           ^^^^^^^^^^^^^^^^^^^^^
  File "C:\Users\jyash\Desktop\djang\djan\Lib\site-packages\django\template\base.py", line 163, in _render
    return self.nodelist.render(context)
           ^^^^^^^^^^^^^^^^^^^^^^^^^^^^^
  File "C:\Users\jyash\Desktop\djang\djan\Lib\site-packages\django\template\base.py", line 1016, in render
    return SafeString("".join([node.render_annotated(context) for node in self]))
                              ^^^^^^^^^^^^^^^^^^^^^^^^^^^^^^^^^^^^^^^^^^^^^^^^^
  File "C:\Users\jyash\Desktop\djang\djan\Lib\site-packages\django\template\base.py", line 1016, in <listcomp>
    return SafeString("".join([node.render_annotated(context) for node in self]))
                               ^^^^^^^^^^^^^^^^^^^^^^^^^^^^^^
  File "C:\Users\jyash\Desktop\djang\djan\Lib\site-packages\django\template\base.py", line 977, in render_annotated
    return self.render(context)
           ^^^^^^^^^^^^^^^^^^^^
  File "C:\Users\jyash\Desktop\djang\djan\Lib\site-packages\django\template\defaulttags.py", line 243, in render
    nodelist.append(node.render_annotated(context))
                    ^^^^^^^^^^^^^^^^^^^^^^^^^^^^^^
  File "C:\Users\jyash\Desktop\djang\djan\Lib\site-packages\django\template\base.py", line 977, in render_annotated
    return self.render(context)
           ^^^^^^^^^^^^^^^^^^^^
  File "C:\Users\jyash\Desktop\djang\djan\Lib\site-packages\django\template\defaulttags.py", line 480, in render
    url = reverse(view_name, args=args, kwargs=kwargs, current_app=current_app)
          ^^^^^^^^^^^^^^^^^^^^^^^^^^^^^^^^^^^^^^^^^^^^^^^^^^^^^^^^^^^^^^^^^^^^^
  File "C:\Users\jyash\Desktop\djang\djan\Lib\site-packages\django\urls\base.py", line 98, in reverse
    resolved_url = resolver._reverse_with_prefix(view, prefix, *args, **kwargs)
                   ^^^^^^^^^^^^^^^^^^^^^^^^^^^^^^^^^^^^^^^^^^^^^^^^^^^^^^^^^^^^
  File "C:\Users\jyash\Desktop\djang\djan\Lib\site-packages\django\urls\resolvers.py", line 831, in _reverse_with_prefix
    raise NoReverseMatch(msg)
django.urls.exceptions.NoReverseMatch: Reverse for 'edit_product' not found. 'edit_product' is not a valid view function or pattern name.
"GET /store/profile/ HTTP/1.1" 500 139507
"GET /store/profile/ HTTP/1.1" 200 7466
"GET /media/products/1_VTygEga.jpg HTTP/1.1" 200 37870
"GET /media/products/11.jpg HTTP/1.1" 200 23980
"GET /media/products/4.jpg HTTP/1.1" 200 28485
"GET /store/profile/ HTTP/1.1" 200 7470
"GET /logout/ HTTP/1.1" 302 0
"GET /signin/ HTTP/1.1" 200 1666
"POST /signin/ HTTP/1.1" 302 0
"GET /signin/ HTTP/1.1" 200 1666
"POST /signin/ HTTP/1.1" 200 25630
Forbidden (CSRF token from POST incorrect.): /signin/
"POST /signin/ HTTP/1.1" 403 2503
"GET /signin/ HTTP/1.1" 200 1666
"POST /signin/ HTTP/1.1" 200 25628
"GET /store/profile/ HTTP/1.1" 200 7470
"GET /store/profile/ HTTP/1.1" 200 7470
"GET /store/profile/ HTTP/1.1" 200 7396
"GET /store/profile/ HTTP/1.1" 200 7396
"GET /store/profile/ HTTP/1.1" 200 7470
Internal Server Error: /store/profile/
Traceback (most recent call last):
  File "C:\Users\jyash\Desktop\djang\djan\Lib\site-packages\django\template\base.py", line 510, in parse
    compile_func = self.tags[command]
                   ~~~~~~~~~^^^^^^^^^
KeyError: 'empty'

During handling of the above exception, another exception occurred:

Traceback (most recent call last):
  File "C:\Users\jyash\Desktop\djang\djan\Lib\site-packages\django\core\handlers\exception.py", line 55, in inner
    response = get_response(request)
               ^^^^^^^^^^^^^^^^^^^^^
  File "C:\Users\jyash\Desktop\djang\djan\Lib\site-packages\django\core\handlers\base.py", line 197, in _get_response
    response = wrapped_callback(request, *callback_args, **callback_kwargs)
               ^^^^^^^^^^^^^^^^^^^^^^^^^^^^^^^^^^^^^^^^^^^^^^^^^^^^^^^^^^^^
  File "C:\Users\jyash\Desktop\ecom\store\views.py", line 211, in seller_pro
    return render(request, "store/profile_ven.html", context)
           ^^^^^^^^^^^^^^^^^^^^^^^^^^^^^^^^^^^^^^^^^^^^^^^^^^
  File "C:\Users\jyash\Desktop\djang\djan\Lib\site-packages\django\shortcuts.py", line 25, in render
    content = loader.render_to_string(template_name, context, request, using=using)
              ^^^^^^^^^^^^^^^^^^^^^^^^^^^^^^^^^^^^^^^^^^^^^^^^^^^^^^^^^^^^^^^^^^^^^
  File "C:\Users\jyash\Desktop\djang\djan\Lib\site-packages\django\template\loader.py", line 61, in render_to_string
    template = get_template(template_name, using=using)
               ^^^^^^^^^^^^^^^^^^^^^^^^^^^^^^^^^^^^^^^^
  File "C:\Users\jyash\Desktop\djang\djan\Lib\site-packages\django\template\loader.py", line 15, in get_template
    return engine.get_template(template_name)
           ^^^^^^^^^^^^^^^^^^^^^^^^^^^^^^^^^^
  File "C:\Users\jyash\Desktop\djang\djan\Lib\site-packages\django\template\backends\django.py", line 79, in get_template
    return Template(self.engine.get_template(template_name), self)
                    ^^^^^^^^^^^^^^^^^^^^^^^^^^^^^^^^^^^^^^^
  File "C:\Users\jyash\Desktop\djang\djan\Lib\site-packages\django\template\engine.py", line 177, in get_template
    template, origin = self.find_template(template_name)
                       ^^^^^^^^^^^^^^^^^^^^^^^^^^^^^^^^^
  File "C:\Users\jyash\Desktop\djang\djan\Lib\site-packages\django\template\engine.py", line 159, in find_template
    template = loader.get_template(name, skip=skip)
               ^^^^^^^^^^^^^^^^^^^^^^^^^^^^^^^^^^^^
  File "C:\Users\jyash\Desktop\djang\djan\Lib\site-packages\django\template\loaders\cached.py", line 57, in get_template
    template = super().get_template(template_name, skip)
               ^^^^^^^^^^^^^^^^^^^^^^^^^^^^^^^^^^^^^^^^^
  File "C:\Users\jyash\Desktop\djang\djan\Lib\site-packages\django\template\loaders\base.py", line 28, in get_template
    return Template(
           ^^^^^^^^^
  File "C:\Users\jyash\Desktop\djang\djan\Lib\site-packages\django\template\base.py", line 154, in __init__
    self.nodelist = self.compile_nodelist()
                    ^^^^^^^^^^^^^^^^^^^^^^^
  File "C:\Users\jyash\Desktop\djang\djan\Lib\site-packages\django\template\base.py", line 196, in compile_nodelist
    nodelist = parser.parse()
               ^^^^^^^^^^^^^^
  File "C:\Users\jyash\Desktop\djang\djan\Lib\site-packages\django\template\base.py", line 518, in parse
    raise self.error(token, e)
  File "C:\Users\jyash\Desktop\djang\djan\Lib\site-packages\django\template\base.py", line 516, in parse
    compiled_result = compile_func(self, token)
                      ^^^^^^^^^^^^^^^^^^^^^^^^^
  File "C:\Users\jyash\Desktop\djang\djan\Lib\site-packages\django\template\defaulttags.py", line 862, in do_for
    nodelist_loop = parser.parse(
                    ^^^^^^^^^^^^^
  File "C:\Users\jyash\Desktop\djang\djan\Lib\site-packages\django\template\base.py", line 518, in parse
    raise self.error(token, e)
  File "C:\Users\jyash\Desktop\djang\djan\Lib\site-packages\django\template\base.py", line 516, in parse
    compiled_result = compile_func(self, token)
                      ^^^^^^^^^^^^^^^^^^^^^^^^^
  File "C:\Users\jyash\Desktop\djang\djan\Lib\site-packages\django\template\defaulttags.py", line 976, in do_if
    nodelist = parser.parse(("endif",))
               ^^^^^^^^^^^^^^^^^^^^^^^^
  File "C:\Users\jyash\Desktop\djang\djan\Lib\site-packages\django\template\base.py", line 512, in parse
    self.invalid_block_tag(token, command, parse_until)
  File "C:\Users\jyash\Desktop\djang\djan\Lib\site-packages\django\template\base.py", line 567, in invalid_block_tag
    raise self.error(
django.template.exceptions.TemplateSyntaxError: Invalid block tag on line 282: 'empty', expected 'endif'. Did you forget to register or load this tag?
"GET /store/profile/ HTTP/1.1" 500 187406
Internal Server Error: /store/profile/
Traceback (most recent call last):
  File "C:\Users\jyash\Desktop\djang\djan\Lib\site-packages\django\template\base.py", line 510, in parse
    compile_func = self.tags[command]
                   ~~~~~~~~~^^^^^^^^^
KeyError: 'endfor'

During handling of the above exception, another exception occurred:

Traceback (most recent call last):
  File "C:\Users\jyash\Desktop\djang\djan\Lib\site-packages\django\core\handlers\exception.py", line 55, in inner
    response = get_response(request)
               ^^^^^^^^^^^^^^^^^^^^^
  File "C:\Users\jyash\Desktop\djang\djan\Lib\site-packages\django\core\handlers\base.py", line 197, in _get_response
    response = wrapped_callback(request, *callback_args, **callback_kwargs)
               ^^^^^^^^^^^^^^^^^^^^^^^^^^^^^^^^^^^^^^^^^^^^^^^^^^^^^^^^^^^^
  File "C:\Users\jyash\Desktop\ecom\store\views.py", line 211, in seller_pro
    return render(request, "store/profile_ven.html", context)
           ^^^^^^^^^^^^^^^^^^^^^^^^^^^^^^^^^^^^^^^^^^^^^^^^^^
  File "C:\Users\jyash\Desktop\djang\djan\Lib\site-packages\django\shortcuts.py", line 25, in render
    content = loader.render_to_string(template_name, context, request, using=using)
              ^^^^^^^^^^^^^^^^^^^^^^^^^^^^^^^^^^^^^^^^^^^^^^^^^^^^^^^^^^^^^^^^^^^^^
  File "C:\Users\jyash\Desktop\djang\djan\Lib\site-packages\django\template\loader.py", line 61, in render_to_string
    template = get_template(template_name, using=using)
               ^^^^^^^^^^^^^^^^^^^^^^^^^^^^^^^^^^^^^^^^
  File "C:\Users\jyash\Desktop\djang\djan\Lib\site-packages\django\template\loader.py", line 15, in get_template
    return engine.get_template(template_name)
           ^^^^^^^^^^^^^^^^^^^^^^^^^^^^^^^^^^
  File "C:\Users\jyash\Desktop\djang\djan\Lib\site-packages\django\template\backends\django.py", line 79, in get_template
    return Template(self.engine.get_template(template_name), self)
                    ^^^^^^^^^^^^^^^^^^^^^^^^^^^^^^^^^^^^^^^
  File "C:\Users\jyash\Desktop\djang\djan\Lib\site-packages\django\template\engine.py", line 177, in get_template
    template, origin = self.find_template(template_name)
                       ^^^^^^^^^^^^^^^^^^^^^^^^^^^^^^^^^
  File "C:\Users\jyash\Desktop\djang\djan\Lib\site-packages\django\template\engine.py", line 159, in find_template
    template = loader.get_template(name, skip=skip)
               ^^^^^^^^^^^^^^^^^^^^^^^^^^^^^^^^^^^^
  File "C:\Users\jyash\Desktop\djang\djan\Lib\site-packages\django\template\loaders\cached.py", line 57, in get_template
    template = super().get_template(template_name, skip)
               ^^^^^^^^^^^^^^^^^^^^^^^^^^^^^^^^^^^^^^^^^
  File "C:\Users\jyash\Desktop\djang\djan\Lib\site-packages\django\template\loaders\base.py", line 28, in get_template
    return Template(
           ^^^^^^^^^
  File "C:\Users\jyash\Desktop\djang\djan\Lib\site-packages\django\template\base.py", line 154, in __init__
    self.nodelist = self.compile_nodelist()
                    ^^^^^^^^^^^^^^^^^^^^^^^
  File "C:\Users\jyash\Desktop\djang\djan\Lib\site-packages\django\template\base.py", line 196, in compile_nodelist
    nodelist = parser.parse()
               ^^^^^^^^^^^^^^
  File "C:\Users\jyash\Desktop\djang\djan\Lib\site-packages\django\template\base.py", line 518, in parse
    raise self.error(token, e)
  File "C:\Users\jyash\Desktop\djang\djan\Lib\site-packages\django\template\base.py", line 516, in parse
    compiled_result = compile_func(self, token)
                      ^^^^^^^^^^^^^^^^^^^^^^^^^
  File "C:\Users\jyash\Desktop\djang\djan\Lib\site-packages\django\template\defaulttags.py", line 862, in do_for
    nodelist_loop = parser.parse(
                    ^^^^^^^^^^^^^
  File "C:\Users\jyash\Desktop\djang\djan\Lib\site-packages\django\template\base.py", line 518, in parse
    raise self.error(token, e)
  File "C:\Users\jyash\Desktop\djang\djan\Lib\site-packages\django\template\base.py", line 516, in parse
    compiled_result = compile_func(self, token)
                      ^^^^^^^^^^^^^^^^^^^^^^^^^
  File "C:\Users\jyash\Desktop\djang\djan\Lib\site-packages\django\template\defaulttags.py", line 976, in do_if
    nodelist = parser.parse(("endif",))
               ^^^^^^^^^^^^^^^^^^^^^^^^
  File "C:\Users\jyash\Desktop\djang\djan\Lib\site-packages\django\template\base.py", line 512, in parse
    self.invalid_block_tag(token, command, parse_until)
  File "C:\Users\jyash\Desktop\djang\djan\Lib\site-packages\django\template\base.py", line 567, in invalid_block_tag
    raise self.error(
django.template.exceptions.TemplateSyntaxError: Invalid block tag on line 283: 'endfor', expected 'endif'. Did you forget to register or load this tag?
"GET /store/profile/ HTTP/1.1" 500 185941
"GET /store/profile/ HTTP/1.1" 200 7066
"GET /store/profile/ HTTP/1.1" 200 7470
"GET /store/profile/ HTTP/1.1" 200 7536
"GET /store/profile/ HTTP/1.1" 200 7536
"GET /store/profile/ HTTP/1.1" 200 7493
Internal Server Error: /store/profile/
Traceback (most recent call last):
  File "C:\Users\jyash\Desktop\djang\djan\Lib\site-packages\django\template\base.py", line 510, in parse
    compile_func = self.tags[command]
                   ~~~~~~~~~^^^^^^^^^
KeyError: 'endfor'

During handling of the above exception, another exception occurred:

Traceback (most recent call last):
  File "C:\Users\jyash\Desktop\djang\djan\Lib\site-packages\django\core\handlers\exception.py", line 55, in inner
    response = get_response(request)
               ^^^^^^^^^^^^^^^^^^^^^
  File "C:\Users\jyash\Desktop\djang\djan\Lib\site-packages\django\core\handlers\base.py", line 197, in _get_response
    response = wrapped_callback(request, *callback_args, **callback_kwargs)
               ^^^^^^^^^^^^^^^^^^^^^^^^^^^^^^^^^^^^^^^^^^^^^^^^^^^^^^^^^^^^
  File "C:\Users\jyash\Desktop\ecom\store\views.py", line 211, in seller_pro
    return render(request, "store/profile_ven.html", context)
           ^^^^^^^^^^^^^^^^^^^^^^^^^^^^^^^^^^^^^^^^^^^^^^^^^^
  File "C:\Users\jyash\Desktop\djang\djan\Lib\site-packages\django\shortcuts.py", line 25, in render
    content = loader.render_to_string(template_name, context, request, using=using)
              ^^^^^^^^^^^^^^^^^^^^^^^^^^^^^^^^^^^^^^^^^^^^^^^^^^^^^^^^^^^^^^^^^^^^^
  File "C:\Users\jyash\Desktop\djang\djan\Lib\site-packages\django\template\loader.py", line 61, in render_to_string
    template = get_template(template_name, using=using)
               ^^^^^^^^^^^^^^^^^^^^^^^^^^^^^^^^^^^^^^^^
  File "C:\Users\jyash\Desktop\djang\djan\Lib\site-packages\django\template\loader.py", line 15, in get_template
    return engine.get_template(template_name)
           ^^^^^^^^^^^^^^^^^^^^^^^^^^^^^^^^^^
  File "C:\Users\jyash\Desktop\djang\djan\Lib\site-packages\django\template\backends\django.py", line 79, in get_template
    return Template(self.engine.get_template(template_name), self)
                    ^^^^^^^^^^^^^^^^^^^^^^^^^^^^^^^^^^^^^^^
  File "C:\Users\jyash\Desktop\djang\djan\Lib\site-packages\django\template\engine.py", line 177, in get_template
    template, origin = self.find_template(template_name)
                       ^^^^^^^^^^^^^^^^^^^^^^^^^^^^^^^^^
  File "C:\Users\jyash\Desktop\djang\djan\Lib\site-packages\django\template\engine.py", line 159, in find_template
    template = loader.get_template(name, skip=skip)
               ^^^^^^^^^^^^^^^^^^^^^^^^^^^^^^^^^^^^
  File "C:\Users\jyash\Desktop\djang\djan\Lib\site-packages\django\template\loaders\cached.py", line 57, in get_template
    template = super().get_template(template_name, skip)
               ^^^^^^^^^^^^^^^^^^^^^^^^^^^^^^^^^^^^^^^^^
  File "C:\Users\jyash\Desktop\djang\djan\Lib\site-packages\django\template\loaders\base.py", line 28, in get_template
    return Template(
           ^^^^^^^^^
  File "C:\Users\jyash\Desktop\djang\djan\Lib\site-packages\django\template\base.py", line 154, in __init__
    self.nodelist = self.compile_nodelist()
                    ^^^^^^^^^^^^^^^^^^^^^^^
  File "C:\Users\jyash\Desktop\djang\djan\Lib\site-packages\django\template\base.py", line 196, in compile_nodelist
    nodelist = parser.parse()
               ^^^^^^^^^^^^^^
  File "C:\Users\jyash\Desktop\djang\djan\Lib\site-packages\django\template\base.py", line 518, in parse
    raise self.error(token, e)
  File "C:\Users\jyash\Desktop\djang\djan\Lib\site-packages\django\template\base.py", line 516, in parse
    compiled_result = compile_func(self, token)
                      ^^^^^^^^^^^^^^^^^^^^^^^^^
  File "C:\Users\jyash\Desktop\djang\djan\Lib\site-packages\django\template\defaulttags.py", line 862, in do_for
    nodelist_loop = parser.parse(
                    ^^^^^^^^^^^^^
  File "C:\Users\jyash\Desktop\djang\djan\Lib\site-packages\django\template\base.py", line 518, in parse
    raise self.error(token, e)
  File "C:\Users\jyash\Desktop\djang\djan\Lib\site-packages\django\template\base.py", line 516, in parse
    compiled_result = compile_func(self, token)
                      ^^^^^^^^^^^^^^^^^^^^^^^^^
  File "C:\Users\jyash\Desktop\djang\djan\Lib\site-packages\django\template\defaulttags.py", line 962, in do_if
    nodelist = parser.parse(("elif", "else", "endif"))
               ^^^^^^^^^^^^^^^^^^^^^^^^^^^^^^^^^^^^^^^
  File "C:\Users\jyash\Desktop\djang\djan\Lib\site-packages\django\template\base.py", line 512, in parse
    self.invalid_block_tag(token, command, parse_until)
  File "C:\Users\jyash\Desktop\djang\djan\Lib\site-packages\django\template\base.py", line 567, in invalid_block_tag
    raise self.error(
django.template.exceptions.TemplateSyntaxError: Invalid block tag on line 279: 'endfor', expected 'elif', 'else' or 'endif'. Did you forget to register or load this tag?
"GET /store/profile/ HTTP/1.1" 500 188896
Internal Server Error: /store/profile/
Traceback (most recent call last):
  File "C:\Users\jyash\Desktop\djang\djan\Lib\site-packages\django\template\base.py", line 510, in parse
    compile_func = self.tags[command]
                   ~~~~~~~~~^^^^^^^^^
KeyError: 'endfor'

During handling of the above exception, another exception occurred:

Traceback (most recent call last):
  File "C:\Users\jyash\Desktop\djang\djan\Lib\site-packages\django\core\handlers\exception.py", line 55, in inner
    response = get_response(request)
               ^^^^^^^^^^^^^^^^^^^^^
  File "C:\Users\jyash\Desktop\djang\djan\Lib\site-packages\django\core\handlers\base.py", line 197, in _get_response
    response = wrapped_callback(request, *callback_args, **callback_kwargs)
               ^^^^^^^^^^^^^^^^^^^^^^^^^^^^^^^^^^^^^^^^^^^^^^^^^^^^^^^^^^^^
  File "C:\Users\jyash\Desktop\ecom\store\views.py", line 211, in seller_pro
    return render(request, "store/profile_ven.html", context)
           ^^^^^^^^^^^^^^^^^^^^^^^^^^^^^^^^^^^^^^^^^^^^^^^^^^
  File "C:\Users\jyash\Desktop\djang\djan\Lib\site-packages\django\shortcuts.py", line 25, in render
    content = loader.render_to_string(template_name, context, request, using=using)
              ^^^^^^^^^^^^^^^^^^^^^^^^^^^^^^^^^^^^^^^^^^^^^^^^^^^^^^^^^^^^^^^^^^^^^
  File "C:\Users\jyash\Desktop\djang\djan\Lib\site-packages\django\template\loader.py", line 61, in render_to_string
    template = get_template(template_name, using=using)
               ^^^^^^^^^^^^^^^^^^^^^^^^^^^^^^^^^^^^^^^^
  File "C:\Users\jyash\Desktop\djang\djan\Lib\site-packages\django\template\loader.py", line 15, in get_template
    return engine.get_template(template_name)
           ^^^^^^^^^^^^^^^^^^^^^^^^^^^^^^^^^^
  File "C:\Users\jyash\Desktop\djang\djan\Lib\site-packages\django\template\backends\django.py", line 79, in get_template
    return Template(self.engine.get_template(template_name), self)
                    ^^^^^^^^^^^^^^^^^^^^^^^^^^^^^^^^^^^^^^^
  File "C:\Users\jyash\Desktop\djang\djan\Lib\site-packages\django\template\engine.py", line 177, in get_template
    template, origin = self.find_template(template_name)
                       ^^^^^^^^^^^^^^^^^^^^^^^^^^^^^^^^^
  File "C:\Users\jyash\Desktop\djang\djan\Lib\site-packages\django\template\engine.py", line 159, in find_template
    template = loader.get_template(name, skip=skip)
               ^^^^^^^^^^^^^^^^^^^^^^^^^^^^^^^^^^^^
  File "C:\Users\jyash\Desktop\djang\djan\Lib\site-packages\django\template\loaders\cached.py", line 57, in get_template
    template = super().get_template(template_name, skip)
               ^^^^^^^^^^^^^^^^^^^^^^^^^^^^^^^^^^^^^^^^^
  File "C:\Users\jyash\Desktop\djang\djan\Lib\site-packages\django\template\loaders\base.py", line 28, in get_template
    return Template(
           ^^^^^^^^^
  File "C:\Users\jyash\Desktop\djang\djan\Lib\site-packages\django\template\base.py", line 154, in __init__
    self.nodelist = self.compile_nodelist()
                    ^^^^^^^^^^^^^^^^^^^^^^^
  File "C:\Users\jyash\Desktop\djang\djan\Lib\site-packages\django\template\base.py", line 196, in compile_nodelist
    nodelist = parser.parse()
               ^^^^^^^^^^^^^^
  File "C:\Users\jyash\Desktop\djang\djan\Lib\site-packages\django\template\base.py", line 518, in parse
    raise self.error(token, e)
  File "C:\Users\jyash\Desktop\djang\djan\Lib\site-packages\django\template\base.py", line 516, in parse
    compiled_result = compile_func(self, token)
                      ^^^^^^^^^^^^^^^^^^^^^^^^^
  File "C:\Users\jyash\Desktop\djang\djan\Lib\site-packages\django\template\defaulttags.py", line 862, in do_for
    nodelist_loop = parser.parse(
                    ^^^^^^^^^^^^^
  File "C:\Users\jyash\Desktop\djang\djan\Lib\site-packages\django\template\base.py", line 518, in parse
    raise self.error(token, e)
  File "C:\Users\jyash\Desktop\djang\djan\Lib\site-packages\django\template\base.py", line 516, in parse
    compiled_result = compile_func(self, token)
                      ^^^^^^^^^^^^^^^^^^^^^^^^^
  File "C:\Users\jyash\Desktop\djang\djan\Lib\site-packages\django\template\defaulttags.py", line 976, in do_if
    nodelist = parser.parse(("endif",))
               ^^^^^^^^^^^^^^^^^^^^^^^^
  File "C:\Users\jyash\Desktop\djang\djan\Lib\site-packages\django\template\base.py", line 512, in parse
    self.invalid_block_tag(token, command, parse_until)
  File "C:\Users\jyash\Desktop\djang\djan\Lib\site-packages\django\template\base.py", line 567, in invalid_block_tag
    raise self.error(
django.template.exceptions.TemplateSyntaxError: Invalid block tag on line 280: 'endfor', expected 'endif'. Did you forget to register or load this tag?
"GET /store/profile/ HTTP/1.1" 500 187008
Internal Server Error: /store/profile/
Traceback (most recent call last):
  File "C:\Users\jyash\Desktop\djang\djan\Lib\site-packages\django\template\base.py", line 510, in parse
    compile_func = self.tags[command]
                   ~~~~~~~~~^^^^^^^^^
KeyError: 'endfor'

During handling of the above exception, another exception occurred:

Traceback (most recent call last):
  File "C:\Users\jyash\Desktop\djang\djan\Lib\site-packages\django\core\handlers\exception.py", line 55, in inner
    response = get_response(request)
               ^^^^^^^^^^^^^^^^^^^^^
  File "C:\Users\jyash\Desktop\djang\djan\Lib\site-packages\django\core\handlers\base.py", line 197, in _get_response
    response = wrapped_callback(request, *callback_args, **callback_kwargs)
               ^^^^^^^^^^^^^^^^^^^^^^^^^^^^^^^^^^^^^^^^^^^^^^^^^^^^^^^^^^^^
  File "C:\Users\jyash\Desktop\ecom\store\views.py", line 211, in seller_pro
    return render(request, "store/profile_ven.html", context)
           ^^^^^^^^^^^^^^^^^^^^^^^^^^^^^^^^^^^^^^^^^^^^^^^^^^
  File "C:\Users\jyash\Desktop\djang\djan\Lib\site-packages\django\shortcuts.py", line 25, in render
    content = loader.render_to_string(template_name, context, request, using=using)
              ^^^^^^^^^^^^^^^^^^^^^^^^^^^^^^^^^^^^^^^^^^^^^^^^^^^^^^^^^^^^^^^^^^^^^
  File "C:\Users\jyash\Desktop\djang\djan\Lib\site-packages\django\template\loader.py", line 61, in render_to_string
    template = get_template(template_name, using=using)
               ^^^^^^^^^^^^^^^^^^^^^^^^^^^^^^^^^^^^^^^^
  File "C:\Users\jyash\Desktop\djang\djan\Lib\site-packages\django\template\loader.py", line 15, in get_template
    return engine.get_template(template_name)
           ^^^^^^^^^^^^^^^^^^^^^^^^^^^^^^^^^^
  File "C:\Users\jyash\Desktop\djang\djan\Lib\site-packages\django\template\backends\django.py", line 79, in get_template
    return Template(self.engine.get_template(template_name), self)
                    ^^^^^^^^^^^^^^^^^^^^^^^^^^^^^^^^^^^^^^^
  File "C:\Users\jyash\Desktop\djang\djan\Lib\site-packages\django\template\engine.py", line 177, in get_template
    template, origin = self.find_template(template_name)
                       ^^^^^^^^^^^^^^^^^^^^^^^^^^^^^^^^^
  File "C:\Users\jyash\Desktop\djang\djan\Lib\site-packages\django\template\engine.py", line 159, in find_template
    template = loader.get_template(name, skip=skip)
               ^^^^^^^^^^^^^^^^^^^^^^^^^^^^^^^^^^^^
  File "C:\Users\jyash\Desktop\djang\djan\Lib\site-packages\django\template\loaders\cached.py", line 57, in get_template
    template = super().get_template(template_name, skip)
               ^^^^^^^^^^^^^^^^^^^^^^^^^^^^^^^^^^^^^^^^^
  File "C:\Users\jyash\Desktop\djang\djan\Lib\site-packages\django\template\loaders\base.py", line 28, in get_template
    return Template(
           ^^^^^^^^^
  File "C:\Users\jyash\Desktop\djang\djan\Lib\site-packages\django\template\base.py", line 154, in __init__
    self.nodelist = self.compile_nodelist()
                    ^^^^^^^^^^^^^^^^^^^^^^^
  File "C:\Users\jyash\Desktop\djang\djan\Lib\site-packages\django\template\base.py", line 196, in compile_nodelist
    nodelist = parser.parse()
               ^^^^^^^^^^^^^^
  File "C:\Users\jyash\Desktop\djang\djan\Lib\site-packages\django\template\base.py", line 518, in parse
    raise self.error(token, e)
  File "C:\Users\jyash\Desktop\djang\djan\Lib\site-packages\django\template\base.py", line 516, in parse
    compiled_result = compile_func(self, token)
                      ^^^^^^^^^^^^^^^^^^^^^^^^^
  File "C:\Users\jyash\Desktop\djang\djan\Lib\site-packages\django\template\defaulttags.py", line 862, in do_for
    nodelist_loop = parser.parse(
                    ^^^^^^^^^^^^^
  File "C:\Users\jyash\Desktop\djang\djan\Lib\site-packages\django\template\base.py", line 518, in parse
    raise self.error(token, e)
  File "C:\Users\jyash\Desktop\djang\djan\Lib\site-packages\django\template\base.py", line 516, in parse
    compiled_result = compile_func(self, token)
                      ^^^^^^^^^^^^^^^^^^^^^^^^^
  File "C:\Users\jyash\Desktop\djang\djan\Lib\site-packages\django\template\defaulttags.py", line 976, in do_if
    nodelist = parser.parse(("endif",))
               ^^^^^^^^^^^^^^^^^^^^^^^^
  File "C:\Users\jyash\Desktop\djang\djan\Lib\site-packages\django\template\base.py", line 512, in parse
    self.invalid_block_tag(token, command, parse_until)
  File "C:\Users\jyash\Desktop\djang\djan\Lib\site-packages\django\template\base.py", line 567, in invalid_block_tag
    raise self.error(
django.template.exceptions.TemplateSyntaxError: Invalid block tag on line 280: 'endfor', expected 'endif'. Did you forget to register or load this tag?
"GET /store/profile/ HTTP/1.1" 500 187008
"GET /store/profile/ HTTP/1.1" 200 7704
"GET /store/profile/ HTTP/1.1" 200 7796
"GET /store/profile/ HTTP/1.1" 200 7762
Internal Server Error: /store/profile/
Traceback (most recent call last):
  File "C:\Users\jyash\Desktop\djang\djan\Lib\site-packages\django\template\base.py", line 510, in parse
    compile_func = self.tags[command]
                   ~~~~~~~~~^^^^^^^^^
KeyError: 'endfor'

During handling of the above exception, another exception occurred:

Traceback (most recent call last):
  File "C:\Users\jyash\Desktop\djang\djan\Lib\site-packages\django\core\handlers\exception.py", line 55, in inner
    response = get_response(request)
               ^^^^^^^^^^^^^^^^^^^^^
  File "C:\Users\jyash\Desktop\djang\djan\Lib\site-packages\django\core\handlers\base.py", line 197, in _get_response
    response = wrapped_callback(request, *callback_args, **callback_kwargs)
               ^^^^^^^^^^^^^^^^^^^^^^^^^^^^^^^^^^^^^^^^^^^^^^^^^^^^^^^^^^^^
  File "C:\Users\jyash\Desktop\ecom\store\views.py", line 211, in seller_pro
    return render(request, "store/profile_ven.html", context)
           ^^^^^^^^^^^^^^^^^^^^^^^^^^^^^^^^^^^^^^^^^^^^^^^^^^
  File "C:\Users\jyash\Desktop\djang\djan\Lib\site-packages\django\shortcuts.py", line 25, in render
    content = loader.render_to_string(template_name, context, request, using=using)
              ^^^^^^^^^^^^^^^^^^^^^^^^^^^^^^^^^^^^^^^^^^^^^^^^^^^^^^^^^^^^^^^^^^^^^
  File "C:\Users\jyash\Desktop\djang\djan\Lib\site-packages\django\template\loader.py", line 61, in render_to_string
    template = get_template(template_name, using=using)
               ^^^^^^^^^^^^^^^^^^^^^^^^^^^^^^^^^^^^^^^^
  File "C:\Users\jyash\Desktop\djang\djan\Lib\site-packages\django\template\loader.py", line 15, in get_template
    return engine.get_template(template_name)
           ^^^^^^^^^^^^^^^^^^^^^^^^^^^^^^^^^^
  File "C:\Users\jyash\Desktop\djang\djan\Lib\site-packages\django\template\backends\django.py", line 79, in get_template
    return Template(self.engine.get_template(template_name), self)
                    ^^^^^^^^^^^^^^^^^^^^^^^^^^^^^^^^^^^^^^^
  File "C:\Users\jyash\Desktop\djang\djan\Lib\site-packages\django\template\engine.py", line 177, in get_template
    template, origin = self.find_template(template_name)
                       ^^^^^^^^^^^^^^^^^^^^^^^^^^^^^^^^^
  File "C:\Users\jyash\Desktop\djang\djan\Lib\site-packages\django\template\engine.py", line 159, in find_template
    template = loader.get_template(name, skip=skip)
               ^^^^^^^^^^^^^^^^^^^^^^^^^^^^^^^^^^^^
  File "C:\Users\jyash\Desktop\djang\djan\Lib\site-packages\django\template\loaders\cached.py", line 57, in get_template
    template = super().get_template(template_name, skip)
               ^^^^^^^^^^^^^^^^^^^^^^^^^^^^^^^^^^^^^^^^^
  File "C:\Users\jyash\Desktop\djang\djan\Lib\site-packages\django\template\loaders\base.py", line 28, in get_template
    return Template(
           ^^^^^^^^^
  File "C:\Users\jyash\Desktop\djang\djan\Lib\site-packages\django\template\base.py", line 154, in __init__
    self.nodelist = self.compile_nodelist()
                    ^^^^^^^^^^^^^^^^^^^^^^^
  File "C:\Users\jyash\Desktop\djang\djan\Lib\site-packages\django\template\base.py", line 196, in compile_nodelist
    nodelist = parser.parse()
               ^^^^^^^^^^^^^^
  File "C:\Users\jyash\Desktop\djang\djan\Lib\site-packages\django\template\base.py", line 518, in parse
    raise self.error(token, e)
  File "C:\Users\jyash\Desktop\djang\djan\Lib\site-packages\django\template\base.py", line 516, in parse
    compiled_result = compile_func(self, token)
                      ^^^^^^^^^^^^^^^^^^^^^^^^^
  File "C:\Users\jyash\Desktop\djang\djan\Lib\site-packages\django\template\defaulttags.py", line 862, in do_for
    nodelist_loop = parser.parse(
                    ^^^^^^^^^^^^^
  File "C:\Users\jyash\Desktop\djang\djan\Lib\site-packages\django\template\base.py", line 518, in parse
    raise self.error(token, e)
  File "C:\Users\jyash\Desktop\djang\djan\Lib\site-packages\django\template\base.py", line 516, in parse
    compiled_result = compile_func(self, token)
                      ^^^^^^^^^^^^^^^^^^^^^^^^^
  File "C:\Users\jyash\Desktop\djang\djan\Lib\site-packages\django\template\defaulttags.py", line 976, in do_if
    nodelist = parser.parse(("endif",))
               ^^^^^^^^^^^^^^^^^^^^^^^^
  File "C:\Users\jyash\Desktop\djang\djan\Lib\site-packages\django\template\base.py", line 512, in parse
    self.invalid_block_tag(token, command, parse_until)
  File "C:\Users\jyash\Desktop\djang\djan\Lib\site-packages\django\template\base.py", line 567, in invalid_block_tag
    raise self.error(
django.template.exceptions.TemplateSyntaxError: Invalid block tag on line 284: 'endfor', expected 'endif'. Did you forget to register or load this tag?
"GET /store/profile/ HTTP/1.1" 500 184362
Internal Server Error: /store/profile/
Traceback (most recent call last):
  File "C:\Users\jyash\Desktop\djang\djan\Lib\site-packages\django\template\base.py", line 510, in parse
    compile_func = self.tags[command]
                   ~~~~~~~~~^^^^^^^^^
KeyError: 'endfor'

During handling of the above exception, another exception occurred:

Traceback (most recent call last):
  File "C:\Users\jyash\Desktop\djang\djan\Lib\site-packages\django\core\handlers\exception.py", line 55, in inner
    response = get_response(request)
               ^^^^^^^^^^^^^^^^^^^^^
  File "C:\Users\jyash\Desktop\djang\djan\Lib\site-packages\django\core\handlers\base.py", line 197, in _get_response
    response = wrapped_callback(request, *callback_args, **callback_kwargs)
               ^^^^^^^^^^^^^^^^^^^^^^^^^^^^^^^^^^^^^^^^^^^^^^^^^^^^^^^^^^^^
  File "C:\Users\jyash\Desktop\ecom\store\views.py", line 211, in seller_pro
    return render(request, "store/profile_ven.html", context)
           ^^^^^^^^^^^^^^^^^^^^^^^^^^^^^^^^^^^^^^^^^^^^^^^^^^
  File "C:\Users\jyash\Desktop\djang\djan\Lib\site-packages\django\shortcuts.py", line 25, in render
    content = loader.render_to_string(template_name, context, request, using=using)
              ^^^^^^^^^^^^^^^^^^^^^^^^^^^^^^^^^^^^^^^^^^^^^^^^^^^^^^^^^^^^^^^^^^^^^
  File "C:\Users\jyash\Desktop\djang\djan\Lib\site-packages\django\template\loader.py", line 61, in render_to_string
    template = get_template(template_name, using=using)
               ^^^^^^^^^^^^^^^^^^^^^^^^^^^^^^^^^^^^^^^^
  File "C:\Users\jyash\Desktop\djang\djan\Lib\site-packages\django\template\loader.py", line 15, in get_template
    return engine.get_template(template_name)
           ^^^^^^^^^^^^^^^^^^^^^^^^^^^^^^^^^^
  File "C:\Users\jyash\Desktop\djang\djan\Lib\site-packages\django\template\backends\django.py", line 79, in get_template
    return Template(self.engine.get_template(template_name), self)
                    ^^^^^^^^^^^^^^^^^^^^^^^^^^^^^^^^^^^^^^^
  File "C:\Users\jyash\Desktop\djang\djan\Lib\site-packages\django\template\engine.py", line 177, in get_template
    template, origin = self.find_template(template_name)
                       ^^^^^^^^^^^^^^^^^^^^^^^^^^^^^^^^^
  File "C:\Users\jyash\Desktop\djang\djan\Lib\site-packages\django\template\engine.py", line 159, in find_template
    template = loader.get_template(name, skip=skip)
               ^^^^^^^^^^^^^^^^^^^^^^^^^^^^^^^^^^^^
  File "C:\Users\jyash\Desktop\djang\djan\Lib\site-packages\django\template\loaders\cached.py", line 57, in get_template
    template = super().get_template(template_name, skip)
               ^^^^^^^^^^^^^^^^^^^^^^^^^^^^^^^^^^^^^^^^^
  File "C:\Users\jyash\Desktop\djang\djan\Lib\site-packages\django\template\loaders\base.py", line 28, in get_template
    return Template(
           ^^^^^^^^^
  File "C:\Users\jyash\Desktop\djang\djan\Lib\site-packages\django\template\base.py", line 154, in __init__
    self.nodelist = self.compile_nodelist()
                    ^^^^^^^^^^^^^^^^^^^^^^^
  File "C:\Users\jyash\Desktop\djang\djan\Lib\site-packages\django\template\base.py", line 196, in compile_nodelist
    nodelist = parser.parse()
               ^^^^^^^^^^^^^^
  File "C:\Users\jyash\Desktop\djang\djan\Lib\site-packages\django\template\base.py", line 518, in parse
    raise self.error(token, e)
  File "C:\Users\jyash\Desktop\djang\djan\Lib\site-packages\django\template\base.py", line 516, in parse
    compiled_result = compile_func(self, token)
                      ^^^^^^^^^^^^^^^^^^^^^^^^^
  File "C:\Users\jyash\Desktop\djang\djan\Lib\site-packages\django\template\defaulttags.py", line 862, in do_for
    nodelist_loop = parser.parse(
                    ^^^^^^^^^^^^^
  File "C:\Users\jyash\Desktop\djang\djan\Lib\site-packages\django\template\base.py", line 518, in parse
    raise self.error(token, e)
  File "C:\Users\jyash\Desktop\djang\djan\Lib\site-packages\django\template\base.py", line 516, in parse
    compiled_result = compile_func(self, token)
                      ^^^^^^^^^^^^^^^^^^^^^^^^^
  File "C:\Users\jyash\Desktop\djang\djan\Lib\site-packages\django\template\defaulttags.py", line 976, in do_if
    nodelist = parser.parse(("endif",))
               ^^^^^^^^^^^^^^^^^^^^^^^^
  File "C:\Users\jyash\Desktop\djang\djan\Lib\site-packages\django\template\base.py", line 512, in parse
    self.invalid_block_tag(token, command, parse_until)
  File "C:\Users\jyash\Desktop\djang\djan\Lib\site-packages\django\template\base.py", line 567, in invalid_block_tag
    raise self.error(
django.template.exceptions.TemplateSyntaxError: Invalid block tag on line 284: 'endfor', expected 'endif'. Did you forget to register or load this tag?
"GET /store/profile/ HTTP/1.1" 500 184754
Internal Server Error: /store/profile/
Traceback (most recent call last):
  File "C:\Users\jyash\Desktop\djang\djan\Lib\site-packages\django\template\base.py", line 510, in parse
    compile_func = self.tags[command]
                   ~~~~~~~~~^^^^^^^^^
KeyError: 'endfor'

During handling of the above exception, another exception occurred:

Traceback (most recent call last):
  File "C:\Users\jyash\Desktop\djang\djan\Lib\site-packages\django\core\handlers\exception.py", line 55, in inner
    response = get_response(request)
               ^^^^^^^^^^^^^^^^^^^^^
  File "C:\Users\jyash\Desktop\djang\djan\Lib\site-packages\django\core\handlers\base.py", line 197, in _get_response
    response = wrapped_callback(request, *callback_args, **callback_kwargs)
               ^^^^^^^^^^^^^^^^^^^^^^^^^^^^^^^^^^^^^^^^^^^^^^^^^^^^^^^^^^^^
  File "C:\Users\jyash\Desktop\ecom\store\views.py", line 211, in seller_pro
    return render(request, "store/profile_ven.html", context)
           ^^^^^^^^^^^^^^^^^^^^^^^^^^^^^^^^^^^^^^^^^^^^^^^^^^
  File "C:\Users\jyash\Desktop\djang\djan\Lib\site-packages\django\shortcuts.py", line 25, in render
    content = loader.render_to_string(template_name, context, request, using=using)
              ^^^^^^^^^^^^^^^^^^^^^^^^^^^^^^^^^^^^^^^^^^^^^^^^^^^^^^^^^^^^^^^^^^^^^
  File "C:\Users\jyash\Desktop\djang\djan\Lib\site-packages\django\template\loader.py", line 61, in render_to_string
    template = get_template(template_name, using=using)
               ^^^^^^^^^^^^^^^^^^^^^^^^^^^^^^^^^^^^^^^^
  File "C:\Users\jyash\Desktop\djang\djan\Lib\site-packages\django\template\loader.py", line 15, in get_template
    return engine.get_template(template_name)
           ^^^^^^^^^^^^^^^^^^^^^^^^^^^^^^^^^^
  File "C:\Users\jyash\Desktop\djang\djan\Lib\site-packages\django\template\backends\django.py", line 79, in get_template
    return Template(self.engine.get_template(template_name), self)
                    ^^^^^^^^^^^^^^^^^^^^^^^^^^^^^^^^^^^^^^^
  File "C:\Users\jyash\Desktop\djang\djan\Lib\site-packages\django\template\engine.py", line 177, in get_template
    template, origin = self.find_template(template_name)
                       ^^^^^^^^^^^^^^^^^^^^^^^^^^^^^^^^^
  File "C:\Users\jyash\Desktop\djang\djan\Lib\site-packages\django\template\engine.py", line 159, in find_template
    template = loader.get_template(name, skip=skip)
               ^^^^^^^^^^^^^^^^^^^^^^^^^^^^^^^^^^^^
  File "C:\Users\jyash\Desktop\djang\djan\Lib\site-packages\django\template\loaders\cached.py", line 57, in get_template
    template = super().get_template(template_name, skip)
               ^^^^^^^^^^^^^^^^^^^^^^^^^^^^^^^^^^^^^^^^^
  File "C:\Users\jyash\Desktop\djang\djan\Lib\site-packages\django\template\loaders\base.py", line 28, in get_template
    return Template(
           ^^^^^^^^^
  File "C:\Users\jyash\Desktop\djang\djan\Lib\site-packages\django\template\base.py", line 154, in __init__
    self.nodelist = self.compile_nodelist()
                    ^^^^^^^^^^^^^^^^^^^^^^^
  File "C:\Users\jyash\Desktop\djang\djan\Lib\site-packages\django\template\base.py", line 196, in compile_nodelist
    nodelist = parser.parse()
               ^^^^^^^^^^^^^^
  File "C:\Users\jyash\Desktop\djang\djan\Lib\site-packages\django\template\base.py", line 518, in parse
    raise self.error(token, e)
  File "C:\Users\jyash\Desktop\djang\djan\Lib\site-packages\django\template\base.py", line 516, in parse
    compiled_result = compile_func(self, token)
                      ^^^^^^^^^^^^^^^^^^^^^^^^^
  File "C:\Users\jyash\Desktop\djang\djan\Lib\site-packages\django\template\defaulttags.py", line 862, in do_for
    nodelist_loop = parser.parse(
                    ^^^^^^^^^^^^^
  File "C:\Users\jyash\Desktop\djang\djan\Lib\site-packages\django\template\base.py", line 518, in parse
    raise self.error(token, e)
  File "C:\Users\jyash\Desktop\djang\djan\Lib\site-packages\django\template\base.py", line 516, in parse
    compiled_result = compile_func(self, token)
                      ^^^^^^^^^^^^^^^^^^^^^^^^^
  File "C:\Users\jyash\Desktop\djang\djan\Lib\site-packages\django\template\defaulttags.py", line 976, in do_if
    nodelist = parser.parse(("endif",))
               ^^^^^^^^^^^^^^^^^^^^^^^^
  File "C:\Users\jyash\Desktop\djang\djan\Lib\site-packages\django\template\base.py", line 512, in parse
    self.invalid_block_tag(token, command, parse_until)
  File "C:\Users\jyash\Desktop\djang\djan\Lib\site-packages\django\template\base.py", line 567, in invalid_block_tag
    raise self.error(
django.template.exceptions.TemplateSyntaxError: Invalid block tag on line 283: 'endfor', expected 'endif'. Did you forget to register or load this tag?
"GET /store/profile/ HTTP/1.1" 500 184780
"GET /store/profile/ HTTP/1.1" 200 7583
"GET /store/profile/ HTTP/1.1" 200 7585
"GET /store/profile/ HTTP/1.1" 200 7585
"GET /store/profile/ HTTP/1.1" 200 7585
"GET /store/profile/ HTTP/1.1" 200 7585
"GET /store/profile/ HTTP/1.1" 200 7585
Not Found: /.well-known/appspecific/com.chrome.devtools.json
"GET /.well-known/appspecific/com.chrome.devtools.json HTTP/1.1" 404 3984
"GET /store/profile/ HTTP/1.1" 200 7585
"GET /media/products/11.jpg HTTP/1.1" 304 0
"GET /media/products/1_VTygEga.jpg HTTP/1.1" 304 0
"GET /media/products/4.jpg HTTP/1.1" 304 0
"GET /store/profile/ HTTP/1.1" 200 7588
"GET /store/profile/ HTTP/1.1" 200 7588
"GET /store/profile/ HTTP/1.1" 200 7588
"GET /store/profile/ HTTP/1.1" 200 7588
"GET /store/profile/ HTTP/1.1" 200 7588
"GET /store/profile/ HTTP/1.1" 200 7588
"GET /store/profile/ HTTP/1.1" 200 7591
Watching for file changes with StatReloader
"GET / HTTP/1.1" 302 0
"GET /store/ HTTP/1.1" 200 34717
"GET /static/store/css/font-awesome.min.css HTTP/1.1" 304 0
"GET /static/store/css/bootstrap.min.css HTTP/1.1" 304 0
"GET /static/store/css/elegant-icons.css HTTP/1.1" 304 0
"GET /static/store/css/nice-select.css HTTP/1.1" 304 0
"GET /static/store/css/magnific-popup.css HTTP/1.1" 304 0
"GET /static/store/css/style.css HTTP/1.1" 304 0
"GET /static/store/css/slicknav.min.css HTTP/1.1" 304 0
"GET /static/store/css/owl.carousel.min.css HTTP/1.1" 304 0
"GET /media/products/product-9.jpg HTTP/1.1" 304 0
"GET /media/products/6.jpg HTTP/1.1" 304 0
"GET /media/products/product-14.jpg HTTP/1.1" 304 0
"GET /media/products/9.jpg HTTP/1.1" 304 0
"GET /store/ HTTP/1.1" 200 34717
"GET /store/ HTTP/1.1" 200 34717
"GET /store/ HTTP/1.1" 200 34717
"GET /signin/ HTTP/1.1" 200 1666
"GET /static/login_form/css/style.css HTTP/1.1" 304 0
"GET /static/login_form/images/login_img.png HTTP/1.1" 304 0
"POST /signin/ HTTP/1.1" 200 25572
Forbidden (CSRF token from POST incorrect.): /signin/
"POST /signin/ HTTP/1.1" 403 2503
Forbidden (CSRF token from POST incorrect.): /signin/
"POST /signin/ HTTP/1.1" 403 2503
"GET /signin/ HTTP/1.1" 200 1666
"POST /signin/ HTTP/1.1" 200 25720
Forbidden (CSRF token from POST incorrect.): /signin/
"POST /signin/ HTTP/1.1" 403 2503
Forbidden (CSRF token from POST incorrect.): /signin/
"POST /signin/ HTTP/1.1" 403 2503
"GET /signin/ HTTP/1.1" 200 1666
"POST /signin/ HTTP/1.1" 302 0
"GET /signin/ HTTP/1.1" 200 1666
"POST /signin/ HTTP/1.1" 200 25724
"GET /profile/ HTTP/1.1" 200 20540
"GET /profile/ HTTP/1.1" 200 20539
Not Found: /.well-known/appspecific/com.chrome.devtools.json
"GET /.well-known/appspecific/com.chrome.devtools.json HTTP/1.1" 404 3984
"GET /profile/ HTTP/1.1" 200 20580
"GET /profile/ HTTP/1.1" 200 20690
"GET /profile/ HTTP/1.1" 200 20690
"GET /profile/ HTTP/1.1" 200 20690
"GET /profile/ HTTP/1.1" 200 20690
"GET /profile/ HTTP/1.1" 200 20690
"GET /profile/ HTTP/1.1" 200 20690
"GET /profile/ HTTP/1.1" 200 20684
"GET /profile/ HTTP/1.1" 200 20739
"GET /profile/ HTTP/1.1" 200 20739
"GET /profile/ HTTP/1.1" 200 20739
"GET /profile/ HTTP/1.1" 200 20739
"GET /store/profile/ HTTP/1.1" 200 7591
"GET /media/products/11.jpg HTTP/1.1" 304 0
"GET /media/products/4.jpg HTTP/1.1" 304 0
"GET /media/products/1_VTygEga.jpg HTTP/1.1" 304 0
Internal Server Error: /profile/
Traceback (most recent call last):
  File "C:\Users\jyash\Desktop\djang\djan\Lib\site-packages\django\core\handlers\exception.py", line 55, in inner
    response = get_response(request)
               ^^^^^^^^^^^^^^^^^^^^^
  File "C:\Users\jyash\Desktop\djang\djan\Lib\site-packages\django\core\handlers\base.py", line 197, in _get_response
    response = wrapped_callback(request, *callback_args, **callback_kwargs)
               ^^^^^^^^^^^^^^^^^^^^^^^^^^^^^^^^^^^^^^^^^^^^^^^^^^^^^^^^^^^^
  File "C:\Users\jyash\Desktop\ecom\userprofile\views.py", line 14, in profile
    return render(request,'userprofile/profile.html',{'user':user[0],'wish':wish,'cart':cart})
           ^^^^^^^^^^^^^^^^^^^^^^^^^^^^^^^^^^^^^^^^^^^^^^^^^^^^^^^^^^^^^^^^^^^^^^^^^^^^^^^^^^^
  File "C:\Users\jyash\Desktop\djang\djan\Lib\site-packages\django\shortcuts.py", line 25, in render
    content = loader.render_to_string(template_name, context, request, using=using)
              ^^^^^^^^^^^^^^^^^^^^^^^^^^^^^^^^^^^^^^^^^^^^^^^^^^^^^^^^^^^^^^^^^^^^^
  File "C:\Users\jyash\Desktop\djang\djan\Lib\site-packages\django\template\loader.py", line 61, in render_to_string
    template = get_template(template_name, using=using)
               ^^^^^^^^^^^^^^^^^^^^^^^^^^^^^^^^^^^^^^^^
  File "C:\Users\jyash\Desktop\djang\djan\Lib\site-packages\django\template\loader.py", line 15, in get_template
    return engine.get_template(template_name)
           ^^^^^^^^^^^^^^^^^^^^^^^^^^^^^^^^^^
  File "C:\Users\jyash\Desktop\djang\djan\Lib\site-packages\django\template\backends\django.py", line 79, in get_template
    return Template(self.engine.get_template(template_name), self)
                    ^^^^^^^^^^^^^^^^^^^^^^^^^^^^^^^^^^^^^^^
  File "C:\Users\jyash\Desktop\djang\djan\Lib\site-packages\django\template\engine.py", line 177, in get_template
    template, origin = self.find_template(template_name)
                       ^^^^^^^^^^^^^^^^^^^^^^^^^^^^^^^^^
  File "C:\Users\jyash\Desktop\djang\djan\Lib\site-packages\django\template\engine.py", line 159, in find_template
    template = loader.get_template(name, skip=skip)
               ^^^^^^^^^^^^^^^^^^^^^^^^^^^^^^^^^^^^
  File "C:\Users\jyash\Desktop\djang\djan\Lib\site-packages\django\template\loaders\cached.py", line 57, in get_template
    template = super().get_template(template_name, skip)
               ^^^^^^^^^^^^^^^^^^^^^^^^^^^^^^^^^^^^^^^^^
  File "C:\Users\jyash\Desktop\djang\djan\Lib\site-packages\django\template\loaders\base.py", line 28, in get_template
    return Template(
           ^^^^^^^^^
  File "C:\Users\jyash\Desktop\djang\djan\Lib\site-packages\django\template\base.py", line 154, in __init__
    self.nodelist = self.compile_nodelist()
                    ^^^^^^^^^^^^^^^^^^^^^^^
  File "C:\Users\jyash\Desktop\djang\djan\Lib\site-packages\django\template\base.py", line 196, in compile_nodelist
    nodelist = parser.parse()
               ^^^^^^^^^^^^^^
  File "C:\Users\jyash\Desktop\djang\djan\Lib\site-packages\django\template\base.py", line 518, in parse
    raise self.error(token, e)
  File "C:\Users\jyash\Desktop\djang\djan\Lib\site-packages\django\template\base.py", line 516, in parse
    compiled_result = compile_func(self, token)
                      ^^^^^^^^^^^^^^^^^^^^^^^^^
  File "C:\Users\jyash\Desktop\djang\djan\Lib\site-packages\django\template\defaulttags.py", line 862, in do_for
    nodelist_loop = parser.parse(
                    ^^^^^^^^^^^^^
  File "C:\Users\jyash\Desktop\djang\djan\Lib\site-packages\django\template\base.py", line 523, in parse
    self.unclosed_block_tag(parse_until)
  File "C:\Users\jyash\Desktop\djang\djan\Lib\site-packages\django\template\base.py", line 590, in unclosed_block_tag
    raise self.error(token, msg)
django.template.exceptions.TemplateSyntaxError: Unclosed tag on line 500: 'for'. Looking for one of: empty, endfor.
"GET /profile/ HTTP/1.1" 500 183127
Internal Server Error: /profile/
Traceback (most recent call last):
  File "C:\Users\jyash\Desktop\djang\djan\Lib\site-packages\django\core\handlers\exception.py", line 55, in inner
    response = get_response(request)
               ^^^^^^^^^^^^^^^^^^^^^
  File "C:\Users\jyash\Desktop\djang\djan\Lib\site-packages\django\core\handlers\base.py", line 197, in _get_response
    response = wrapped_callback(request, *callback_args, **callback_kwargs)
               ^^^^^^^^^^^^^^^^^^^^^^^^^^^^^^^^^^^^^^^^^^^^^^^^^^^^^^^^^^^^
  File "C:\Users\jyash\Desktop\ecom\userprofile\views.py", line 14, in profile
    return render(request,'userprofile/profile.html',{'user':user[0],'wish':wish,'cart':cart})
           ^^^^^^^^^^^^^^^^^^^^^^^^^^^^^^^^^^^^^^^^^^^^^^^^^^^^^^^^^^^^^^^^^^^^^^^^^^^^^^^^^^^
  File "C:\Users\jyash\Desktop\djang\djan\Lib\site-packages\django\shortcuts.py", line 25, in render
    content = loader.render_to_string(template_name, context, request, using=using)
              ^^^^^^^^^^^^^^^^^^^^^^^^^^^^^^^^^^^^^^^^^^^^^^^^^^^^^^^^^^^^^^^^^^^^^
  File "C:\Users\jyash\Desktop\djang\djan\Lib\site-packages\django\template\loader.py", line 62, in render_to_string
    return template.render(context, request)
           ^^^^^^^^^^^^^^^^^^^^^^^^^^^^^^^^^
  File "C:\Users\jyash\Desktop\djang\djan\Lib\site-packages\django\template\backends\django.py", line 107, in render
    return self.template.render(context)
           ^^^^^^^^^^^^^^^^^^^^^^^^^^^^^
  File "C:\Users\jyash\Desktop\djang\djan\Lib\site-packages\django\template\base.py", line 171, in render
    return self._render(context)
           ^^^^^^^^^^^^^^^^^^^^^
  File "C:\Users\jyash\Desktop\djang\djan\Lib\site-packages\django\template\base.py", line 163, in _render
    return self.nodelist.render(context)
           ^^^^^^^^^^^^^^^^^^^^^^^^^^^^^
  File "C:\Users\jyash\Desktop\djang\djan\Lib\site-packages\django\template\base.py", line 1016, in render
    return SafeString("".join([node.render_annotated(context) for node in self]))
                              ^^^^^^^^^^^^^^^^^^^^^^^^^^^^^^^^^^^^^^^^^^^^^^^^^
  File "C:\Users\jyash\Desktop\djang\djan\Lib\site-packages\django\template\base.py", line 1016, in <listcomp>
    return SafeString("".join([node.render_annotated(context) for node in self]))
                               ^^^^^^^^^^^^^^^^^^^^^^^^^^^^^^
  File "C:\Users\jyash\Desktop\djang\djan\Lib\site-packages\django\template\base.py", line 977, in render_annotated
    return self.render(context)
           ^^^^^^^^^^^^^^^^^^^^
  File "C:\Users\jyash\Desktop\djang\djan\Lib\site-packages\django\template\defaulttags.py", line 198, in render
    values = list(values)
             ^^^^^^^^^^^^
TypeError: 'RelatedManager' object is not iterable
"GET /profile/ HTTP/1.1" 500 120846
C:\Users\jyash\Desktop\ecom\userprofile\views.py changed, reloading.
Watching for file changes with StatReloader
C:\Users\jyash\Desktop\ecom\userprofile\views.py changed, reloading.
Watching for file changes with StatReloader
C:\Users\jyash\Desktop\ecom\userprofile\views.py changed, reloading.
Watching for file changes with StatReloader
C:\Users\jyash\Desktop\ecom\userprofile\views.py changed, reloading.
Watching for file changes with StatReloader
C:\Users\jyash\Desktop\ecom\userprofile\views.py changed, reloading.
Watching for file changes with StatReloader
C:\Users\jyash\Desktop\ecom\userprofile\views.py changed, reloading.
Watching for file changes with StatReloader
C:\Users\jyash\Desktop\ecom\userprofile\views.py changed, reloading.
Watching for file changes with StatReloader
C:\Users\jyash\Desktop\ecom\userprofile\views.py changed, reloading.
Watching for file changes with StatReloader
C:\Users\jyash\Desktop\ecom\userprofile\views.py changed, reloading.
Watching for file changes with StatReloader
C:\Users\jyash\Desktop\ecom\userprofile\views.py changed, reloading.
Watching for file changes with StatReloader
C:\Users\jyash\Desktop\ecom\userprofile\views.py changed, reloading.
Watching for file changes with StatReloader
C:\Users\jyash\Desktop\ecom\userprofile\views.py changed, reloading.
Watching for file changes with StatReloader
C:\Users\jyash\Desktop\ecom\userprofile\views.py changed, reloading.
Watching for file changes with StatReloader
C:\Users\jyash\Desktop\ecom\userprofile\views.py changed, reloading.
Watching for file changes with StatReloader
C:\Users\jyash\Desktop\ecom\userprofile\views.py changed, reloading.
Watching for file changes with StatReloader
C:\Users\jyash\Desktop\ecom\userprofile\views.py changed, reloading.
Watching for file changes with StatReloader
C:\Users\jyash\Desktop\ecom\userprofile\views.py changed, reloading.
Watching for file changes with StatReloader
C:\Users\jyash\Desktop\ecom\userprofile\views.py changed, reloading.
Watching for file changes with StatReloader
C:\Users\jyash\Desktop\ecom\userprofile\views.py changed, reloading.
Watching for file changes with StatReloader
Internal Server Error: /profile/
Traceback (most recent call last):
  File "C:\Users\jyash\Desktop\djang\djan\Lib\site-packages\django\db\models\fields\__init__.py", line 2128, in get_prep_value
    return int(value)
           ^^^^^^^^^^
TypeError: int() argument must be a string, a bytes-like object or a real number, not 'SimpleLazyObject'

The above exception was the direct cause of the following exception:

Traceback (most recent call last):
  File "C:\Users\jyash\Desktop\djang\djan\Lib\site-packages\django\core\handlers\exception.py", line 55, in inner
    response = get_response(request)
               ^^^^^^^^^^^^^^^^^^^^^
  File "C:\Users\jyash\Desktop\djang\djan\Lib\site-packages\django\core\handlers\base.py", line 197, in _get_response
    response = wrapped_callback(request, *callback_args, **callback_kwargs)
               ^^^^^^^^^^^^^^^^^^^^^^^^^^^^^^^^^^^^^^^^^^^^^^^^^^^^^^^^^^^^
  File "C:\Users\jyash\Desktop\ecom\userprofile\views.py", line 11, in profile
    addresses = AddressD.objects.filter(id=request.user)
                ^^^^^^^^^^^^^^^^^^^^^^^^^^^^^^^^^^^^^^^^
  File "C:\Users\jyash\Desktop\djang\djan\Lib\site-packages\django\db\models\manager.py", line 87, in manager_method
    return getattr(self.get_queryset(), name)(*args, **kwargs)
           ^^^^^^^^^^^^^^^^^^^^^^^^^^^^^^^^^^^^^^^^^^^^^^^^^^^
  File "C:\Users\jyash\Desktop\djang\djan\Lib\site-packages\django\db\models\query.py", line 1493, in filter
    return self._filter_or_exclude(False, args, kwargs)
           ^^^^^^^^^^^^^^^^^^^^^^^^^^^^^^^^^^^^^^^^^^^^
  File "C:\Users\jyash\Desktop\djang\djan\Lib\site-packages\django\db\models\query.py", line 1511, in _filter_or_exclude
    clone._filter_or_exclude_inplace(negate, args, kwargs)
  File "C:\Users\jyash\Desktop\djang\djan\Lib\site-packages\django\db\models\query.py", line 1518, in _filter_or_exclude_inplace
    self._query.add_q(Q(*args, **kwargs))
  File "C:\Users\jyash\Desktop\djang\djan\Lib\site-packages\django\db\models\sql\query.py", line 1646, in add_q
    clause, _ = self._add_q(q_object, can_reuse)
                ^^^^^^^^^^^^^^^^^^^^^^^^^^^^^^^^
  File "C:\Users\jyash\Desktop\djang\djan\Lib\site-packages\django\db\models\sql\query.py", line 1678, in _add_q
    child_clause, needed_inner = self.build_filter(
                                 ^^^^^^^^^^^^^^^^^^
  File "C:\Users\jyash\Desktop\djang\djan\Lib\site-packages\django\db\models\sql\query.py", line 1588, in build_filter
    condition = self.build_lookup(lookups, col, value)
                ^^^^^^^^^^^^^^^^^^^^^^^^^^^^^^^^^^^^^^
  File "C:\Users\jyash\Desktop\djang\djan\Lib\site-packages\django\db\models\sql\query.py", line 1415, in build_lookup
    lookup = lookup_class(lhs, rhs)
             ^^^^^^^^^^^^^^^^^^^^^^
  File "C:\Users\jyash\Desktop\djang\djan\Lib\site-packages\django\db\models\lookups.py", line 38, in __init__
    self.rhs = self.get_prep_lookup()
               ^^^^^^^^^^^^^^^^^^^^^^
  File "C:\Users\jyash\Desktop\djang\djan\Lib\site-packages\django\db\models\lookups.py", line 410, in get_prep_lookup
    return super().get_prep_lookup()
           ^^^^^^^^^^^^^^^^^^^^^^^^^
  File "C:\Users\jyash\Desktop\djang\djan\Lib\site-packages\django\db\models\lookups.py", line 96, in get_prep_lookup
    return self.lhs.output_field.get_prep_value(self.rhs)
           ^^^^^^^^^^^^^^^^^^^^^^^^^^^^^^^^^^^^^^^^^^^^^^
  File "C:\Users\jyash\Desktop\djang\djan\Lib\site-packages\django\db\models\fields\__init__.py", line 2130, in get_prep_value
    raise e.__class__(
TypeError: Field 'id' expected a number but got <SimpleLazyObject: <UserProfile: hell>>.
"GET /profile/ HTTP/1.1" 500 134662
C:\Users\jyash\Desktop\ecom\userprofile\views.py changed, reloading.
Watching for file changes with StatReloader
Internal Server Error: /profile/
Traceback (most recent call last):
  File "C:\Users\jyash\Desktop\djang\djan\Lib\site-packages\django\db\models\fields\__init__.py", line 2128, in get_prep_value
    return int(value)
           ^^^^^^^^^^
TypeError: int() argument must be a string, a bytes-like object or a real number, not 'SimpleLazyObject'

The above exception was the direct cause of the following exception:

Traceback (most recent call last):
  File "C:\Users\jyash\Desktop\djang\djan\Lib\site-packages\django\core\handlers\exception.py", line 55, in inner
    response = get_response(request)
               ^^^^^^^^^^^^^^^^^^^^^
  File "C:\Users\jyash\Desktop\djang\djan\Lib\site-packages\django\core\handlers\base.py", line 197, in _get_response
    response = wrapped_callback(request, *callback_args, **callback_kwargs)
               ^^^^^^^^^^^^^^^^^^^^^^^^^^^^^^^^^^^^^^^^^^^^^^^^^^^^^^^^^^^^
  File "C:\Users\jyash\Desktop\ecom\userprofile\views.py", line 11, in profile
    addresses = AddressD.objects.filter(id=request.user)
                ^^^^^^^^^^^^^^^^^^^^^^^^^^^^^^^^^^^^^^^^
  File "C:\Users\jyash\Desktop\djang\djan\Lib\site-packages\django\db\models\manager.py", line 87, in manager_method
    return getattr(self.get_queryset(), name)(*args, **kwargs)
           ^^^^^^^^^^^^^^^^^^^^^^^^^^^^^^^^^^^^^^^^^^^^^^^^^^^
  File "C:\Users\jyash\Desktop\djang\djan\Lib\site-packages\django\db\models\query.py", line 1493, in filter
    return self._filter_or_exclude(False, args, kwargs)
           ^^^^^^^^^^^^^^^^^^^^^^^^^^^^^^^^^^^^^^^^^^^^
  File "C:\Users\jyash\Desktop\djang\djan\Lib\site-packages\django\db\models\query.py", line 1511, in _filter_or_exclude
    clone._filter_or_exclude_inplace(negate, args, kwargs)
  File "C:\Users\jyash\Desktop\djang\djan\Lib\site-packages\django\db\models\query.py", line 1518, in _filter_or_exclude_inplace
    self._query.add_q(Q(*args, **kwargs))
  File "C:\Users\jyash\Desktop\djang\djan\Lib\site-packages\django\db\models\sql\query.py", line 1646, in add_q
    clause, _ = self._add_q(q_object, can_reuse)
                ^^^^^^^^^^^^^^^^^^^^^^^^^^^^^^^^
  File "C:\Users\jyash\Desktop\djang\djan\Lib\site-packages\django\db\models\sql\query.py", line 1678, in _add_q
    child_clause, needed_inner = self.build_filter(
                                 ^^^^^^^^^^^^^^^^^^
  File "C:\Users\jyash\Desktop\djang\djan\Lib\site-packages\django\db\models\sql\query.py", line 1588, in build_filter
    condition = self.build_lookup(lookups, col, value)
                ^^^^^^^^^^^^^^^^^^^^^^^^^^^^^^^^^^^^^^
  File "C:\Users\jyash\Desktop\djang\djan\Lib\site-packages\django\db\models\sql\query.py", line 1415, in build_lookup
    lookup = lookup_class(lhs, rhs)
             ^^^^^^^^^^^^^^^^^^^^^^
  File "C:\Users\jyash\Desktop\djang\djan\Lib\site-packages\django\db\models\lookups.py", line 38, in __init__
    self.rhs = self.get_prep_lookup()
               ^^^^^^^^^^^^^^^^^^^^^^
  File "C:\Users\jyash\Desktop\djang\djan\Lib\site-packages\django\db\models\lookups.py", line 410, in get_prep_lookup
    return super().get_prep_lookup()
           ^^^^^^^^^^^^^^^^^^^^^^^^^
  File "C:\Users\jyash\Desktop\djang\djan\Lib\site-packages\django\db\models\lookups.py", line 96, in get_prep_lookup
    return self.lhs.output_field.get_prep_value(self.rhs)
           ^^^^^^^^^^^^^^^^^^^^^^^^^^^^^^^^^^^^^^^^^^^^^^
  File "C:\Users\jyash\Desktop\djang\djan\Lib\site-packages\django\db\models\fields\__init__.py", line 2130, in get_prep_value
    raise e.__class__(
TypeError: Field 'id' expected a number but got <SimpleLazyObject: <UserProfile: hell>>.
"GET /profile/ HTTP/1.1" 500 134653
Internal Server Error: /profile/
Traceback (most recent call last):
  File "C:\Users\jyash\Desktop\djang\djan\Lib\site-packages\django\db\models\fields\__init__.py", line 2128, in get_prep_value
    return int(value)
           ^^^^^^^^^^
TypeError: int() argument must be a string, a bytes-like object or a real number, not 'SimpleLazyObject'

The above exception was the direct cause of the following exception:

Traceback (most recent call last):
  File "C:\Users\jyash\Desktop\djang\djan\Lib\site-packages\django\core\handlers\exception.py", line 55, in inner
    response = get_response(request)
               ^^^^^^^^^^^^^^^^^^^^^
  File "C:\Users\jyash\Desktop\djang\djan\Lib\site-packages\django\core\handlers\base.py", line 197, in _get_response
    response = wrapped_callback(request, *callback_args, **callback_kwargs)
               ^^^^^^^^^^^^^^^^^^^^^^^^^^^^^^^^^^^^^^^^^^^^^^^^^^^^^^^^^^^^
  File "C:\Users\jyash\Desktop\ecom\userprofile\views.py", line 11, in profile
    addresses = AddressD.objects.filter(id=request.user)
                ^^^^^^^^^^^^^^^^^^^^^^^^^^^^^^^^^^^^^^^^
  File "C:\Users\jyash\Desktop\djang\djan\Lib\site-packages\django\db\models\manager.py", line 87, in manager_method
    return getattr(self.get_queryset(), name)(*args, **kwargs)
           ^^^^^^^^^^^^^^^^^^^^^^^^^^^^^^^^^^^^^^^^^^^^^^^^^^^
  File "C:\Users\jyash\Desktop\djang\djan\Lib\site-packages\django\db\models\query.py", line 1493, in filter
    return self._filter_or_exclude(False, args, kwargs)
           ^^^^^^^^^^^^^^^^^^^^^^^^^^^^^^^^^^^^^^^^^^^^
  File "C:\Users\jyash\Desktop\djang\djan\Lib\site-packages\django\db\models\query.py", line 1511, in _filter_or_exclude
    clone._filter_or_exclude_inplace(negate, args, kwargs)
  File "C:\Users\jyash\Desktop\djang\djan\Lib\site-packages\django\db\models\query.py", line 1518, in _filter_or_exclude_inplace
    self._query.add_q(Q(*args, **kwargs))
  File "C:\Users\jyash\Desktop\djang\djan\Lib\site-packages\django\db\models\sql\query.py", line 1646, in add_q
    clause, _ = self._add_q(q_object, can_reuse)
                ^^^^^^^^^^^^^^^^^^^^^^^^^^^^^^^^
  File "C:\Users\jyash\Desktop\djang\djan\Lib\site-packages\django\db\models\sql\query.py", line 1678, in _add_q
    child_clause, needed_inner = self.build_filter(
                                 ^^^^^^^^^^^^^^^^^^
  File "C:\Users\jyash\Desktop\djang\djan\Lib\site-packages\django\db\models\sql\query.py", line 1588, in build_filter
    condition = self.build_lookup(lookups, col, value)
                ^^^^^^^^^^^^^^^^^^^^^^^^^^^^^^^^^^^^^^
  File "C:\Users\jyash\Desktop\djang\djan\Lib\site-packages\django\db\models\sql\query.py", line 1415, in build_lookup
    lookup = lookup_class(lhs, rhs)
             ^^^^^^^^^^^^^^^^^^^^^^
  File "C:\Users\jyash\Desktop\djang\djan\Lib\site-packages\django\db\models\lookups.py", line 38, in __init__
    self.rhs = self.get_prep_lookup()
               ^^^^^^^^^^^^^^^^^^^^^^
  File "C:\Users\jyash\Desktop\djang\djan\Lib\site-packages\django\db\models\lookups.py", line 410, in get_prep_lookup
    return super().get_prep_lookup()
           ^^^^^^^^^^^^^^^^^^^^^^^^^
  File "C:\Users\jyash\Desktop\djang\djan\Lib\site-packages\django\db\models\lookups.py", line 96, in get_prep_lookup
    return self.lhs.output_field.get_prep_value(self.rhs)
           ^^^^^^^^^^^^^^^^^^^^^^^^^^^^^^^^^^^^^^^^^^^^^^
  File "C:\Users\jyash\Desktop\djang\djan\Lib\site-packages\django\db\models\fields\__init__.py", line 2130, in get_prep_value
    raise e.__class__(
TypeError: Field 'id' expected a number but got <SimpleLazyObject: <UserProfile: hell>>.
"GET /profile/ HTTP/1.1" 500 134653
"GET /signin/ HTTP/1.1" 200 1666
"POST /signin/ HTTP/1.1" 200 25724
Internal Server Error: /profile/
Traceback (most recent call last):
  File "C:\Users\jyash\Desktop\djang\djan\Lib\site-packages\django\db\models\fields\__init__.py", line 2128, in get_prep_value
    return int(value)
           ^^^^^^^^^^
TypeError: int() argument must be a string, a bytes-like object or a real number, not 'SimpleLazyObject'

The above exception was the direct cause of the following exception:

Traceback (most recent call last):
  File "C:\Users\jyash\Desktop\djang\djan\Lib\site-packages\django\core\handlers\exception.py", line 55, in inner
    response = get_response(request)
               ^^^^^^^^^^^^^^^^^^^^^
  File "C:\Users\jyash\Desktop\djang\djan\Lib\site-packages\django\core\handlers\base.py", line 197, in _get_response
    response = wrapped_callback(request, *callback_args, **callback_kwargs)
               ^^^^^^^^^^^^^^^^^^^^^^^^^^^^^^^^^^^^^^^^^^^^^^^^^^^^^^^^^^^^
  File "C:\Users\jyash\Desktop\ecom\userprofile\views.py", line 11, in profile
    addresses = AddressD.objects.filter(id=request.user)
                ^^^^^^^^^^^^^^^^^^^^^^^^^^^^^^^^^^^^^^^^
  File "C:\Users\jyash\Desktop\djang\djan\Lib\site-packages\django\db\models\manager.py", line 87, in manager_method
    return getattr(self.get_queryset(), name)(*args, **kwargs)
           ^^^^^^^^^^^^^^^^^^^^^^^^^^^^^^^^^^^^^^^^^^^^^^^^^^^
  File "C:\Users\jyash\Desktop\djang\djan\Lib\site-packages\django\db\models\query.py", line 1493, in filter
    return self._filter_or_exclude(False, args, kwargs)
           ^^^^^^^^^^^^^^^^^^^^^^^^^^^^^^^^^^^^^^^^^^^^
  File "C:\Users\jyash\Desktop\djang\djan\Lib\site-packages\django\db\models\query.py", line 1511, in _filter_or_exclude
    clone._filter_or_exclude_inplace(negate, args, kwargs)
  File "C:\Users\jyash\Desktop\djang\djan\Lib\site-packages\django\db\models\query.py", line 1518, in _filter_or_exclude_inplace
    self._query.add_q(Q(*args, **kwargs))
  File "C:\Users\jyash\Desktop\djang\djan\Lib\site-packages\django\db\models\sql\query.py", line 1646, in add_q
    clause, _ = self._add_q(q_object, can_reuse)
                ^^^^^^^^^^^^^^^^^^^^^^^^^^^^^^^^
  File "C:\Users\jyash\Desktop\djang\djan\Lib\site-packages\django\db\models\sql\query.py", line 1678, in _add_q
    child_clause, needed_inner = self.build_filter(
                                 ^^^^^^^^^^^^^^^^^^
  File "C:\Users\jyash\Desktop\djang\djan\Lib\site-packages\django\db\models\sql\query.py", line 1588, in build_filter
    condition = self.build_lookup(lookups, col, value)
                ^^^^^^^^^^^^^^^^^^^^^^^^^^^^^^^^^^^^^^
  File "C:\Users\jyash\Desktop\djang\djan\Lib\site-packages\django\db\models\sql\query.py", line 1415, in build_lookup
    lookup = lookup_class(lhs, rhs)
             ^^^^^^^^^^^^^^^^^^^^^^
  File "C:\Users\jyash\Desktop\djang\djan\Lib\site-packages\django\db\models\lookups.py", line 38, in __init__
    self.rhs = self.get_prep_lookup()
               ^^^^^^^^^^^^^^^^^^^^^^
  File "C:\Users\jyash\Desktop\djang\djan\Lib\site-packages\django\db\models\lookups.py", line 410, in get_prep_lookup
    return super().get_prep_lookup()
           ^^^^^^^^^^^^^^^^^^^^^^^^^
  File "C:\Users\jyash\Desktop\djang\djan\Lib\site-packages\django\db\models\lookups.py", line 96, in get_prep_lookup
    return self.lhs.output_field.get_prep_value(self.rhs)
           ^^^^^^^^^^^^^^^^^^^^^^^^^^^^^^^^^^^^^^^^^^^^^^
  File "C:\Users\jyash\Desktop\djang\djan\Lib\site-packages\django\db\models\fields\__init__.py", line 2130, in get_prep_value
    raise e.__class__(
TypeError: Field 'id' expected a number but got <SimpleLazyObject: <UserProfile: hell>>.
"GET /profile/ HTTP/1.1" 500 134516
C:\Users\jyash\Desktop\ecom\userprofile\views.py changed, reloading.
Watching for file changes with StatReloader
"GET /profile/ HTTP/1.1" 200 20073
"GET /profile/ HTTP/1.1" 200 20073
Internal Server Error: /profile/
Traceback (most recent call last):
  File "C:\Users\jyash\Desktop\djang\djan\Lib\site-packages\django\core\handlers\exception.py", line 55, in inner
    response = get_response(request)
               ^^^^^^^^^^^^^^^^^^^^^
  File "C:\Users\jyash\Desktop\djang\djan\Lib\site-packages\django\core\handlers\base.py", line 197, in _get_response
    response = wrapped_callback(request, *callback_args, **callback_kwargs)
               ^^^^^^^^^^^^^^^^^^^^^^^^^^^^^^^^^^^^^^^^^^^^^^^^^^^^^^^^^^^^
  File "C:\Users\jyash\Desktop\ecom\userprofile\views.py", line 16, in profile
    return render(request,'userprofile/profile.html',{'user':user[0],'wish':wish,'cart':cart,'addresses':addresses})
           ^^^^^^^^^^^^^^^^^^^^^^^^^^^^^^^^^^^^^^^^^^^^^^^^^^^^^^^^^^^^^^^^^^^^^^^^^^^^^^^^^^^^^^^^^^^^^^^^^^^^^^^^^
  File "C:\Users\jyash\Desktop\djang\djan\Lib\site-packages\django\shortcuts.py", line 25, in render
    content = loader.render_to_string(template_name, context, request, using=using)
              ^^^^^^^^^^^^^^^^^^^^^^^^^^^^^^^^^^^^^^^^^^^^^^^^^^^^^^^^^^^^^^^^^^^^^
  File "C:\Users\jyash\Desktop\djang\djan\Lib\site-packages\django\template\loader.py", line 62, in render_to_string
    return template.render(context, request)
           ^^^^^^^^^^^^^^^^^^^^^^^^^^^^^^^^^
  File "C:\Users\jyash\Desktop\djang\djan\Lib\site-packages\django\template\backends\django.py", line 107, in render
    return self.template.render(context)
           ^^^^^^^^^^^^^^^^^^^^^^^^^^^^^
  File "C:\Users\jyash\Desktop\djang\djan\Lib\site-packages\django\template\base.py", line 171, in render
    return self._render(context)
           ^^^^^^^^^^^^^^^^^^^^^
  File "C:\Users\jyash\Desktop\djang\djan\Lib\site-packages\django\template\base.py", line 163, in _render
    return self.nodelist.render(context)
           ^^^^^^^^^^^^^^^^^^^^^^^^^^^^^
  File "C:\Users\jyash\Desktop\djang\djan\Lib\site-packages\django\template\base.py", line 1016, in render
    return SafeString("".join([node.render_annotated(context) for node in self]))
                              ^^^^^^^^^^^^^^^^^^^^^^^^^^^^^^^^^^^^^^^^^^^^^^^^^
  File "C:\Users\jyash\Desktop\djang\djan\Lib\site-packages\django\template\base.py", line 1016, in <listcomp>
    return SafeString("".join([node.render_annotated(context) for node in self]))
                               ^^^^^^^^^^^^^^^^^^^^^^^^^^^^^^
  File "C:\Users\jyash\Desktop\djang\djan\Lib\site-packages\django\template\base.py", line 977, in render_annotated
    return self.render(context)
           ^^^^^^^^^^^^^^^^^^^^
  File "C:\Users\jyash\Desktop\djang\djan\Lib\site-packages\django\template\defaulttags.py", line 201, in render
    return self.nodelist_empty.render(context)
           ^^^^^^^^^^^^^^^^^^^^^^^^^^^^^^^^^^^
  File "C:\Users\jyash\Desktop\djang\djan\Lib\site-packages\django\template\base.py", line 1016, in render
    return SafeString("".join([node.render_annotated(context) for node in self]))
                              ^^^^^^^^^^^^^^^^^^^^^^^^^^^^^^^^^^^^^^^^^^^^^^^^^
  File "C:\Users\jyash\Desktop\djang\djan\Lib\site-packages\django\template\base.py", line 1016, in <listcomp>
    return SafeString("".join([node.render_annotated(context) for node in self]))
                               ^^^^^^^^^^^^^^^^^^^^^^^^^^^^^^
  File "C:\Users\jyash\Desktop\djang\djan\Lib\site-packages\django\template\base.py", line 977, in render_annotated
    return self.render(context)
           ^^^^^^^^^^^^^^^^^^^^
  File "C:\Users\jyash\Desktop\djang\djan\Lib\site-packages\django\template\defaulttags.py", line 480, in render
    url = reverse(view_name, args=args, kwargs=kwargs, current_app=current_app)
          ^^^^^^^^^^^^^^^^^^^^^^^^^^^^^^^^^^^^^^^^^^^^^^^^^^^^^^^^^^^^^^^^^^^^^
  File "C:\Users\jyash\Desktop\djang\djan\Lib\site-packages\django\urls\base.py", line 98, in reverse
    resolved_url = resolver._reverse_with_prefix(view, prefix, *args, **kwargs)
                   ^^^^^^^^^^^^^^^^^^^^^^^^^^^^^^^^^^^^^^^^^^^^^^^^^^^^^^^^^^^^
  File "C:\Users\jyash\Desktop\djang\djan\Lib\site-packages\django\urls\resolvers.py", line 831, in _reverse_with_prefix
    raise NoReverseMatch(msg)
django.urls.exceptions.NoReverseMatch: Reverse for 'Address Address' not found. 'Address Address' is not a valid view function or pattern name.
"GET /profile/ HTTP/1.1" 500 152372
Internal Server Error: /profile/
Traceback (most recent call last):
  File "C:\Users\jyash\Desktop\djang\djan\Lib\site-packages\django\core\handlers\exception.py", line 55, in inner
    response = get_response(request)
               ^^^^^^^^^^^^^^^^^^^^^
  File "C:\Users\jyash\Desktop\djang\djan\Lib\site-packages\django\core\handlers\base.py", line 197, in _get_response
    response = wrapped_callback(request, *callback_args, **callback_kwargs)
               ^^^^^^^^^^^^^^^^^^^^^^^^^^^^^^^^^^^^^^^^^^^^^^^^^^^^^^^^^^^^
  File "C:\Users\jyash\Desktop\ecom\userprofile\views.py", line 16, in profile
    return render(request,'userprofile/profile.html',{'user':user[0],'wish':wish,'cart':cart,'addresses':addresses})
           ^^^^^^^^^^^^^^^^^^^^^^^^^^^^^^^^^^^^^^^^^^^^^^^^^^^^^^^^^^^^^^^^^^^^^^^^^^^^^^^^^^^^^^^^^^^^^^^^^^^^^^^^^
  File "C:\Users\jyash\Desktop\djang\djan\Lib\site-packages\django\shortcuts.py", line 25, in render
    content = loader.render_to_string(template_name, context, request, using=using)
              ^^^^^^^^^^^^^^^^^^^^^^^^^^^^^^^^^^^^^^^^^^^^^^^^^^^^^^^^^^^^^^^^^^^^^
  File "C:\Users\jyash\Desktop\djang\djan\Lib\site-packages\django\template\loader.py", line 62, in render_to_string
    return template.render(context, request)
           ^^^^^^^^^^^^^^^^^^^^^^^^^^^^^^^^^
  File "C:\Users\jyash\Desktop\djang\djan\Lib\site-packages\django\template\backends\django.py", line 107, in render
    return self.template.render(context)
           ^^^^^^^^^^^^^^^^^^^^^^^^^^^^^
  File "C:\Users\jyash\Desktop\djang\djan\Lib\site-packages\django\template\base.py", line 171, in render
    return self._render(context)
           ^^^^^^^^^^^^^^^^^^^^^
  File "C:\Users\jyash\Desktop\djang\djan\Lib\site-packages\django\template\base.py", line 163, in _render
    return self.nodelist.render(context)
           ^^^^^^^^^^^^^^^^^^^^^^^^^^^^^
  File "C:\Users\jyash\Desktop\djang\djan\Lib\site-packages\django\template\base.py", line 1016, in render
    return SafeString("".join([node.render_annotated(context) for node in self]))
                              ^^^^^^^^^^^^^^^^^^^^^^^^^^^^^^^^^^^^^^^^^^^^^^^^^
  File "C:\Users\jyash\Desktop\djang\djan\Lib\site-packages\django\template\base.py", line 1016, in <listcomp>
    return SafeString("".join([node.render_annotated(context) for node in self]))
                               ^^^^^^^^^^^^^^^^^^^^^^^^^^^^^^
  File "C:\Users\jyash\Desktop\djang\djan\Lib\site-packages\django\template\base.py", line 977, in render_annotated
    return self.render(context)
           ^^^^^^^^^^^^^^^^^^^^
  File "C:\Users\jyash\Desktop\djang\djan\Lib\site-packages\django\template\defaulttags.py", line 201, in render
    return self.nodelist_empty.render(context)
           ^^^^^^^^^^^^^^^^^^^^^^^^^^^^^^^^^^^
  File "C:\Users\jyash\Desktop\djang\djan\Lib\site-packages\django\template\base.py", line 1016, in render
    return SafeString("".join([node.render_annotated(context) for node in self]))
                              ^^^^^^^^^^^^^^^^^^^^^^^^^^^^^^^^^^^^^^^^^^^^^^^^^
  File "C:\Users\jyash\Desktop\djang\djan\Lib\site-packages\django\template\base.py", line 1016, in <listcomp>
    return SafeString("".join([node.render_annotated(context) for node in self]))
                               ^^^^^^^^^^^^^^^^^^^^^^^^^^^^^^
  File "C:\Users\jyash\Desktop\djang\djan\Lib\site-packages\django\template\base.py", line 977, in render_annotated
    return self.render(context)
           ^^^^^^^^^^^^^^^^^^^^
  File "C:\Users\jyash\Desktop\djang\djan\Lib\site-packages\django\template\defaulttags.py", line 480, in render
    url = reverse(view_name, args=args, kwargs=kwargs, current_app=current_app)
          ^^^^^^^^^^^^^^^^^^^^^^^^^^^^^^^^^^^^^^^^^^^^^^^^^^^^^^^^^^^^^^^^^^^^^
  File "C:\Users\jyash\Desktop\djang\djan\Lib\site-packages\django\urls\base.py", line 98, in reverse
    resolved_url = resolver._reverse_with_prefix(view, prefix, *args, **kwargs)
                   ^^^^^^^^^^^^^^^^^^^^^^^^^^^^^^^^^^^^^^^^^^^^^^^^^^^^^^^^^^^^
  File "C:\Users\jyash\Desktop\djang\djan\Lib\site-packages\django\urls\resolvers.py", line 831, in _reverse_with_prefix
    raise NoReverseMatch(msg)
django.urls.exceptions.NoReverseMatch: Reverse for 'Address Address' not found. 'Address Address' is not a valid view function or pattern name.
"GET /profile/ HTTP/1.1" 500 152360
Internal Server Error: /profile/
Traceback (most recent call last):
  File "C:\Users\jyash\Desktop\djang\djan\Lib\site-packages\django\core\handlers\exception.py", line 55, in inner
    response = get_response(request)
               ^^^^^^^^^^^^^^^^^^^^^
  File "C:\Users\jyash\Desktop\djang\djan\Lib\site-packages\django\core\handlers\base.py", line 197, in _get_response
    response = wrapped_callback(request, *callback_args, **callback_kwargs)
               ^^^^^^^^^^^^^^^^^^^^^^^^^^^^^^^^^^^^^^^^^^^^^^^^^^^^^^^^^^^^
  File "C:\Users\jyash\Desktop\ecom\userprofile\views.py", line 16, in profile
    return render(request,'userprofile/profile.html',{'user':user[0],'wish':wish,'cart':cart,'addresses':addresses})
           ^^^^^^^^^^^^^^^^^^^^^^^^^^^^^^^^^^^^^^^^^^^^^^^^^^^^^^^^^^^^^^^^^^^^^^^^^^^^^^^^^^^^^^^^^^^^^^^^^^^^^^^^^
  File "C:\Users\jyash\Desktop\djang\djan\Lib\site-packages\django\shortcuts.py", line 25, in render
    content = loader.render_to_string(template_name, context, request, using=using)
              ^^^^^^^^^^^^^^^^^^^^^^^^^^^^^^^^^^^^^^^^^^^^^^^^^^^^^^^^^^^^^^^^^^^^^
  File "C:\Users\jyash\Desktop\djang\djan\Lib\site-packages\django\template\loader.py", line 62, in render_to_string
    return template.render(context, request)
           ^^^^^^^^^^^^^^^^^^^^^^^^^^^^^^^^^
  File "C:\Users\jyash\Desktop\djang\djan\Lib\site-packages\django\template\backends\django.py", line 107, in render
    return self.template.render(context)
           ^^^^^^^^^^^^^^^^^^^^^^^^^^^^^
  File "C:\Users\jyash\Desktop\djang\djan\Lib\site-packages\django\template\base.py", line 171, in render
    return self._render(context)
           ^^^^^^^^^^^^^^^^^^^^^
  File "C:\Users\jyash\Desktop\djang\djan\Lib\site-packages\django\template\base.py", line 163, in _render
    return self.nodelist.render(context)
           ^^^^^^^^^^^^^^^^^^^^^^^^^^^^^
  File "C:\Users\jyash\Desktop\djang\djan\Lib\site-packages\django\template\base.py", line 1016, in render
    return SafeString("".join([node.render_annotated(context) for node in self]))
                              ^^^^^^^^^^^^^^^^^^^^^^^^^^^^^^^^^^^^^^^^^^^^^^^^^
  File "C:\Users\jyash\Desktop\djang\djan\Lib\site-packages\django\template\base.py", line 1016, in <listcomp>
    return SafeString("".join([node.render_annotated(context) for node in self]))
                               ^^^^^^^^^^^^^^^^^^^^^^^^^^^^^^
  File "C:\Users\jyash\Desktop\djang\djan\Lib\site-packages\django\template\base.py", line 977, in render_annotated
    return self.render(context)
           ^^^^^^^^^^^^^^^^^^^^
  File "C:\Users\jyash\Desktop\djang\djan\Lib\site-packages\django\template\defaulttags.py", line 201, in render
    return self.nodelist_empty.render(context)
           ^^^^^^^^^^^^^^^^^^^^^^^^^^^^^^^^^^^
  File "C:\Users\jyash\Desktop\djang\djan\Lib\site-packages\django\template\base.py", line 1016, in render
    return SafeString("".join([node.render_annotated(context) for node in self]))
                              ^^^^^^^^^^^^^^^^^^^^^^^^^^^^^^^^^^^^^^^^^^^^^^^^^
  File "C:\Users\jyash\Desktop\djang\djan\Lib\site-packages\django\template\base.py", line 1016, in <listcomp>
    return SafeString("".join([node.render_annotated(context) for node in self]))
                               ^^^^^^^^^^^^^^^^^^^^^^^^^^^^^^
  File "C:\Users\jyash\Desktop\djang\djan\Lib\site-packages\django\template\base.py", line 977, in render_annotated
    return self.render(context)
           ^^^^^^^^^^^^^^^^^^^^
  File "C:\Users\jyash\Desktop\djang\djan\Lib\site-packages\django\template\defaulttags.py", line 480, in render
    url = reverse(view_name, args=args, kwargs=kwargs, current_app=current_app)
          ^^^^^^^^^^^^^^^^^^^^^^^^^^^^^^^^^^^^^^^^^^^^^^^^^^^^^^^^^^^^^^^^^^^^^
  File "C:\Users\jyash\Desktop\djang\djan\Lib\site-packages\django\urls\base.py", line 98, in reverse
    resolved_url = resolver._reverse_with_prefix(view, prefix, *args, **kwargs)
                   ^^^^^^^^^^^^^^^^^^^^^^^^^^^^^^^^^^^^^^^^^^^^^^^^^^^^^^^^^^^^
  File "C:\Users\jyash\Desktop\djang\djan\Lib\site-packages\django\urls\resolvers.py", line 831, in _reverse_with_prefix
    raise NoReverseMatch(msg)
django.urls.exceptions.NoReverseMatch: Reverse for 'Address Address' not found. 'Address Address' is not a valid view function or pattern name.
"GET /profile/ HTTP/1.1" 500 152360
Internal Server Error: /profile/
Traceback (most recent call last):
  File "C:\Users\jyash\Desktop\djang\djan\Lib\site-packages\django\core\handlers\exception.py", line 55, in inner
    response = get_response(request)
               ^^^^^^^^^^^^^^^^^^^^^
  File "C:\Users\jyash\Desktop\djang\djan\Lib\site-packages\django\core\handlers\base.py", line 197, in _get_response
    response = wrapped_callback(request, *callback_args, **callback_kwargs)
               ^^^^^^^^^^^^^^^^^^^^^^^^^^^^^^^^^^^^^^^^^^^^^^^^^^^^^^^^^^^^
  File "C:\Users\jyash\Desktop\ecom\userprofile\views.py", line 16, in profile
    return render(request,'userprofile/profile.html',{'user':user[0],'wish':wish,'cart':cart,'addresses':addresses})
           ^^^^^^^^^^^^^^^^^^^^^^^^^^^^^^^^^^^^^^^^^^^^^^^^^^^^^^^^^^^^^^^^^^^^^^^^^^^^^^^^^^^^^^^^^^^^^^^^^^^^^^^^^
  File "C:\Users\jyash\Desktop\djang\djan\Lib\site-packages\django\shortcuts.py", line 25, in render
    content = loader.render_to_string(template_name, context, request, using=using)
              ^^^^^^^^^^^^^^^^^^^^^^^^^^^^^^^^^^^^^^^^^^^^^^^^^^^^^^^^^^^^^^^^^^^^^
  File "C:\Users\jyash\Desktop\djang\djan\Lib\site-packages\django\template\loader.py", line 62, in render_to_string
    return template.render(context, request)
           ^^^^^^^^^^^^^^^^^^^^^^^^^^^^^^^^^
  File "C:\Users\jyash\Desktop\djang\djan\Lib\site-packages\django\template\backends\django.py", line 107, in render
    return self.template.render(context)
           ^^^^^^^^^^^^^^^^^^^^^^^^^^^^^
  File "C:\Users\jyash\Desktop\djang\djan\Lib\site-packages\django\template\base.py", line 171, in render
    return self._render(context)
           ^^^^^^^^^^^^^^^^^^^^^
  File "C:\Users\jyash\Desktop\djang\djan\Lib\site-packages\django\template\base.py", line 163, in _render
    return self.nodelist.render(context)
           ^^^^^^^^^^^^^^^^^^^^^^^^^^^^^
  File "C:\Users\jyash\Desktop\djang\djan\Lib\site-packages\django\template\base.py", line 1016, in render
    return SafeString("".join([node.render_annotated(context) for node in self]))
                              ^^^^^^^^^^^^^^^^^^^^^^^^^^^^^^^^^^^^^^^^^^^^^^^^^
  File "C:\Users\jyash\Desktop\djang\djan\Lib\site-packages\django\template\base.py", line 1016, in <listcomp>
    return SafeString("".join([node.render_annotated(context) for node in self]))
                               ^^^^^^^^^^^^^^^^^^^^^^^^^^^^^^
  File "C:\Users\jyash\Desktop\djang\djan\Lib\site-packages\django\template\base.py", line 977, in render_annotated
    return self.render(context)
           ^^^^^^^^^^^^^^^^^^^^
  File "C:\Users\jyash\Desktop\djang\djan\Lib\site-packages\django\template\defaulttags.py", line 201, in render
    return self.nodelist_empty.render(context)
           ^^^^^^^^^^^^^^^^^^^^^^^^^^^^^^^^^^^
  File "C:\Users\jyash\Desktop\djang\djan\Lib\site-packages\django\template\base.py", line 1016, in render
    return SafeString("".join([node.render_annotated(context) for node in self]))
                              ^^^^^^^^^^^^^^^^^^^^^^^^^^^^^^^^^^^^^^^^^^^^^^^^^
  File "C:\Users\jyash\Desktop\djang\djan\Lib\site-packages\django\template\base.py", line 1016, in <listcomp>
    return SafeString("".join([node.render_annotated(context) for node in self]))
                               ^^^^^^^^^^^^^^^^^^^^^^^^^^^^^^
  File "C:\Users\jyash\Desktop\djang\djan\Lib\site-packages\django\template\base.py", line 977, in render_annotated
    return self.render(context)
           ^^^^^^^^^^^^^^^^^^^^
  File "C:\Users\jyash\Desktop\djang\djan\Lib\site-packages\django\template\defaulttags.py", line 480, in render
    url = reverse(view_name, args=args, kwargs=kwargs, current_app=current_app)
          ^^^^^^^^^^^^^^^^^^^^^^^^^^^^^^^^^^^^^^^^^^^^^^^^^^^^^^^^^^^^^^^^^^^^^
  File "C:\Users\jyash\Desktop\djang\djan\Lib\site-packages\django\urls\base.py", line 98, in reverse
    resolved_url = resolver._reverse_with_prefix(view, prefix, *args, **kwargs)
                   ^^^^^^^^^^^^^^^^^^^^^^^^^^^^^^^^^^^^^^^^^^^^^^^^^^^^^^^^^^^^
  File "C:\Users\jyash\Desktop\djang\djan\Lib\site-packages\django\urls\resolvers.py", line 831, in _reverse_with_prefix
    raise NoReverseMatch(msg)
django.urls.exceptions.NoReverseMatch: Reverse for 'Address Address' not found. 'Address Address' is not a valid view function or pattern name.
"GET /profile/ HTTP/1.1" 500 152360
Internal Server Error: /profile/
Traceback (most recent call last):
  File "C:\Users\jyash\Desktop\djang\djan\Lib\site-packages\django\core\handlers\exception.py", line 55, in inner
    response = get_response(request)
               ^^^^^^^^^^^^^^^^^^^^^
  File "C:\Users\jyash\Desktop\djang\djan\Lib\site-packages\django\core\handlers\base.py", line 197, in _get_response
    response = wrapped_callback(request, *callback_args, **callback_kwargs)
               ^^^^^^^^^^^^^^^^^^^^^^^^^^^^^^^^^^^^^^^^^^^^^^^^^^^^^^^^^^^^
  File "C:\Users\jyash\Desktop\ecom\userprofile\views.py", line 16, in profile
    return render(request,'userprofile/profile.html',{'user':user[0],'wish':wish,'cart':cart,'addresses':addresses})
           ^^^^^^^^^^^^^^^^^^^^^^^^^^^^^^^^^^^^^^^^^^^^^^^^^^^^^^^^^^^^^^^^^^^^^^^^^^^^^^^^^^^^^^^^^^^^^^^^^^^^^^^^^
  File "C:\Users\jyash\Desktop\djang\djan\Lib\site-packages\django\shortcuts.py", line 25, in render
    content = loader.render_to_string(template_name, context, request, using=using)
              ^^^^^^^^^^^^^^^^^^^^^^^^^^^^^^^^^^^^^^^^^^^^^^^^^^^^^^^^^^^^^^^^^^^^^
  File "C:\Users\jyash\Desktop\djang\djan\Lib\site-packages\django\template\loader.py", line 62, in render_to_string
    return template.render(context, request)
           ^^^^^^^^^^^^^^^^^^^^^^^^^^^^^^^^^
  File "C:\Users\jyash\Desktop\djang\djan\Lib\site-packages\django\template\backends\django.py", line 107, in render
    return self.template.render(context)
           ^^^^^^^^^^^^^^^^^^^^^^^^^^^^^
  File "C:\Users\jyash\Desktop\djang\djan\Lib\site-packages\django\template\base.py", line 171, in render
    return self._render(context)
           ^^^^^^^^^^^^^^^^^^^^^
  File "C:\Users\jyash\Desktop\djang\djan\Lib\site-packages\django\template\base.py", line 163, in _render
    return self.nodelist.render(context)
           ^^^^^^^^^^^^^^^^^^^^^^^^^^^^^
  File "C:\Users\jyash\Desktop\djang\djan\Lib\site-packages\django\template\base.py", line 1016, in render
    return SafeString("".join([node.render_annotated(context) for node in self]))
                              ^^^^^^^^^^^^^^^^^^^^^^^^^^^^^^^^^^^^^^^^^^^^^^^^^
  File "C:\Users\jyash\Desktop\djang\djan\Lib\site-packages\django\template\base.py", line 1016, in <listcomp>
    return SafeString("".join([node.render_annotated(context) for node in self]))
                               ^^^^^^^^^^^^^^^^^^^^^^^^^^^^^^
  File "C:\Users\jyash\Desktop\djang\djan\Lib\site-packages\django\template\base.py", line 977, in render_annotated
    return self.render(context)
           ^^^^^^^^^^^^^^^^^^^^
  File "C:\Users\jyash\Desktop\djang\djan\Lib\site-packages\django\template\defaulttags.py", line 201, in render
    return self.nodelist_empty.render(context)
           ^^^^^^^^^^^^^^^^^^^^^^^^^^^^^^^^^^^
  File "C:\Users\jyash\Desktop\djang\djan\Lib\site-packages\django\template\base.py", line 1016, in render
    return SafeString("".join([node.render_annotated(context) for node in self]))
                              ^^^^^^^^^^^^^^^^^^^^^^^^^^^^^^^^^^^^^^^^^^^^^^^^^
  File "C:\Users\jyash\Desktop\djang\djan\Lib\site-packages\django\template\base.py", line 1016, in <listcomp>
    return SafeString("".join([node.render_annotated(context) for node in self]))
                               ^^^^^^^^^^^^^^^^^^^^^^^^^^^^^^
  File "C:\Users\jyash\Desktop\djang\djan\Lib\site-packages\django\template\base.py", line 977, in render_annotated
    return self.render(context)
           ^^^^^^^^^^^^^^^^^^^^
  File "C:\Users\jyash\Desktop\djang\djan\Lib\site-packages\django\template\defaulttags.py", line 480, in render
    url = reverse(view_name, args=args, kwargs=kwargs, current_app=current_app)
          ^^^^^^^^^^^^^^^^^^^^^^^^^^^^^^^^^^^^^^^^^^^^^^^^^^^^^^^^^^^^^^^^^^^^^
  File "C:\Users\jyash\Desktop\djang\djan\Lib\site-packages\django\urls\base.py", line 98, in reverse
    resolved_url = resolver._reverse_with_prefix(view, prefix, *args, **kwargs)
                   ^^^^^^^^^^^^^^^^^^^^^^^^^^^^^^^^^^^^^^^^^^^^^^^^^^^^^^^^^^^^
  File "C:\Users\jyash\Desktop\djang\djan\Lib\site-packages\django\urls\resolvers.py", line 831, in _reverse_with_prefix
    raise NoReverseMatch(msg)
django.urls.exceptions.NoReverseMatch: Reverse for 'Address Address' not found. 'Address Address' is not a valid view function or pattern name.
"GET /profile/ HTTP/1.1" 500 152360
Internal Server Error: /profile/
Traceback (most recent call last):
  File "C:\Users\jyash\Desktop\djang\djan\Lib\site-packages\django\core\handlers\exception.py", line 55, in inner
    response = get_response(request)
               ^^^^^^^^^^^^^^^^^^^^^
  File "C:\Users\jyash\Desktop\djang\djan\Lib\site-packages\django\core\handlers\base.py", line 197, in _get_response
    response = wrapped_callback(request, *callback_args, **callback_kwargs)
               ^^^^^^^^^^^^^^^^^^^^^^^^^^^^^^^^^^^^^^^^^^^^^^^^^^^^^^^^^^^^
  File "C:\Users\jyash\Desktop\ecom\userprofile\views.py", line 16, in profile
    return render(request,'userprofile/profile.html',{'user':user[0],'wish':wish,'cart':cart,'addresses':addresses})
           ^^^^^^^^^^^^^^^^^^^^^^^^^^^^^^^^^^^^^^^^^^^^^^^^^^^^^^^^^^^^^^^^^^^^^^^^^^^^^^^^^^^^^^^^^^^^^^^^^^^^^^^^^
  File "C:\Users\jyash\Desktop\djang\djan\Lib\site-packages\django\shortcuts.py", line 25, in render
    content = loader.render_to_string(template_name, context, request, using=using)
              ^^^^^^^^^^^^^^^^^^^^^^^^^^^^^^^^^^^^^^^^^^^^^^^^^^^^^^^^^^^^^^^^^^^^^
  File "C:\Users\jyash\Desktop\djang\djan\Lib\site-packages\django\template\loader.py", line 62, in render_to_string
    return template.render(context, request)
           ^^^^^^^^^^^^^^^^^^^^^^^^^^^^^^^^^
  File "C:\Users\jyash\Desktop\djang\djan\Lib\site-packages\django\template\backends\django.py", line 107, in render
    return self.template.render(context)
           ^^^^^^^^^^^^^^^^^^^^^^^^^^^^^
  File "C:\Users\jyash\Desktop\djang\djan\Lib\site-packages\django\template\base.py", line 171, in render
    return self._render(context)
           ^^^^^^^^^^^^^^^^^^^^^
  File "C:\Users\jyash\Desktop\djang\djan\Lib\site-packages\django\template\base.py", line 163, in _render
    return self.nodelist.render(context)
           ^^^^^^^^^^^^^^^^^^^^^^^^^^^^^
  File "C:\Users\jyash\Desktop\djang\djan\Lib\site-packages\django\template\base.py", line 1016, in render
    return SafeString("".join([node.render_annotated(context) for node in self]))
                              ^^^^^^^^^^^^^^^^^^^^^^^^^^^^^^^^^^^^^^^^^^^^^^^^^
  File "C:\Users\jyash\Desktop\djang\djan\Lib\site-packages\django\template\base.py", line 1016, in <listcomp>
    return SafeString("".join([node.render_annotated(context) for node in self]))
                               ^^^^^^^^^^^^^^^^^^^^^^^^^^^^^^
  File "C:\Users\jyash\Desktop\djang\djan\Lib\site-packages\django\template\base.py", line 977, in render_annotated
    return self.render(context)
           ^^^^^^^^^^^^^^^^^^^^
  File "C:\Users\jyash\Desktop\djang\djan\Lib\site-packages\django\template\defaulttags.py", line 201, in render
    return self.nodelist_empty.render(context)
           ^^^^^^^^^^^^^^^^^^^^^^^^^^^^^^^^^^^
  File "C:\Users\jyash\Desktop\djang\djan\Lib\site-packages\django\template\base.py", line 1016, in render
    return SafeString("".join([node.render_annotated(context) for node in self]))
                              ^^^^^^^^^^^^^^^^^^^^^^^^^^^^^^^^^^^^^^^^^^^^^^^^^
  File "C:\Users\jyash\Desktop\djang\djan\Lib\site-packages\django\template\base.py", line 1016, in <listcomp>
    return SafeString("".join([node.render_annotated(context) for node in self]))
                               ^^^^^^^^^^^^^^^^^^^^^^^^^^^^^^
  File "C:\Users\jyash\Desktop\djang\djan\Lib\site-packages\django\template\base.py", line 977, in render_annotated
    return self.render(context)
           ^^^^^^^^^^^^^^^^^^^^
  File "C:\Users\jyash\Desktop\djang\djan\Lib\site-packages\django\template\defaulttags.py", line 480, in render
    url = reverse(view_name, args=args, kwargs=kwargs, current_app=current_app)
          ^^^^^^^^^^^^^^^^^^^^^^^^^^^^^^^^^^^^^^^^^^^^^^^^^^^^^^^^^^^^^^^^^^^^^
  File "C:\Users\jyash\Desktop\djang\djan\Lib\site-packages\django\urls\base.py", line 98, in reverse
    resolved_url = resolver._reverse_with_prefix(view, prefix, *args, **kwargs)
                   ^^^^^^^^^^^^^^^^^^^^^^^^^^^^^^^^^^^^^^^^^^^^^^^^^^^^^^^^^^^^
  File "C:\Users\jyash\Desktop\djang\djan\Lib\site-packages\django\urls\resolvers.py", line 831, in _reverse_with_prefix
    raise NoReverseMatch(msg)
django.urls.exceptions.NoReverseMatch: Reverse for 'Address Address' not found. 'Address Address' is not a valid view function or pattern name.
"GET /profile/ HTTP/1.1" 500 152360
Internal Server Error: /profile/
Traceback (most recent call last):
  File "C:\Users\jyash\Desktop\djang\djan\Lib\site-packages\django\core\handlers\exception.py", line 55, in inner
    response = get_response(request)
               ^^^^^^^^^^^^^^^^^^^^^
  File "C:\Users\jyash\Desktop\djang\djan\Lib\site-packages\django\core\handlers\base.py", line 197, in _get_response
    response = wrapped_callback(request, *callback_args, **callback_kwargs)
               ^^^^^^^^^^^^^^^^^^^^^^^^^^^^^^^^^^^^^^^^^^^^^^^^^^^^^^^^^^^^
  File "C:\Users\jyash\Desktop\ecom\userprofile\views.py", line 16, in profile
    return render(request,'userprofile/profile.html',{'user':user[0],'wish':wish,'cart':cart,'addresses':addresses})
           ^^^^^^^^^^^^^^^^^^^^^^^^^^^^^^^^^^^^^^^^^^^^^^^^^^^^^^^^^^^^^^^^^^^^^^^^^^^^^^^^^^^^^^^^^^^^^^^^^^^^^^^^^
  File "C:\Users\jyash\Desktop\djang\djan\Lib\site-packages\django\shortcuts.py", line 25, in render
    content = loader.render_to_string(template_name, context, request, using=using)
              ^^^^^^^^^^^^^^^^^^^^^^^^^^^^^^^^^^^^^^^^^^^^^^^^^^^^^^^^^^^^^^^^^^^^^
  File "C:\Users\jyash\Desktop\djang\djan\Lib\site-packages\django\template\loader.py", line 62, in render_to_string
    return template.render(context, request)
           ^^^^^^^^^^^^^^^^^^^^^^^^^^^^^^^^^
  File "C:\Users\jyash\Desktop\djang\djan\Lib\site-packages\django\template\backends\django.py", line 107, in render
    return self.template.render(context)
           ^^^^^^^^^^^^^^^^^^^^^^^^^^^^^
  File "C:\Users\jyash\Desktop\djang\djan\Lib\site-packages\django\template\base.py", line 171, in render
    return self._render(context)
           ^^^^^^^^^^^^^^^^^^^^^
  File "C:\Users\jyash\Desktop\djang\djan\Lib\site-packages\django\template\base.py", line 163, in _render
    return self.nodelist.render(context)
           ^^^^^^^^^^^^^^^^^^^^^^^^^^^^^
  File "C:\Users\jyash\Desktop\djang\djan\Lib\site-packages\django\template\base.py", line 1016, in render
    return SafeString("".join([node.render_annotated(context) for node in self]))
                              ^^^^^^^^^^^^^^^^^^^^^^^^^^^^^^^^^^^^^^^^^^^^^^^^^
  File "C:\Users\jyash\Desktop\djang\djan\Lib\site-packages\django\template\base.py", line 1016, in <listcomp>
    return SafeString("".join([node.render_annotated(context) for node in self]))
                               ^^^^^^^^^^^^^^^^^^^^^^^^^^^^^^
  File "C:\Users\jyash\Desktop\djang\djan\Lib\site-packages\django\template\base.py", line 977, in render_annotated
    return self.render(context)
           ^^^^^^^^^^^^^^^^^^^^
  File "C:\Users\jyash\Desktop\djang\djan\Lib\site-packages\django\template\defaulttags.py", line 201, in render
    return self.nodelist_empty.render(context)
           ^^^^^^^^^^^^^^^^^^^^^^^^^^^^^^^^^^^
  File "C:\Users\jyash\Desktop\djang\djan\Lib\site-packages\django\template\base.py", line 1016, in render
    return SafeString("".join([node.render_annotated(context) for node in self]))
                              ^^^^^^^^^^^^^^^^^^^^^^^^^^^^^^^^^^^^^^^^^^^^^^^^^
  File "C:\Users\jyash\Desktop\djang\djan\Lib\site-packages\django\template\base.py", line 1016, in <listcomp>
    return SafeString("".join([node.render_annotated(context) for node in self]))
                               ^^^^^^^^^^^^^^^^^^^^^^^^^^^^^^
  File "C:\Users\jyash\Desktop\djang\djan\Lib\site-packages\django\template\base.py", line 977, in render_annotated
    return self.render(context)
           ^^^^^^^^^^^^^^^^^^^^
  File "C:\Users\jyash\Desktop\djang\djan\Lib\site-packages\django\template\defaulttags.py", line 480, in render
    url = reverse(view_name, args=args, kwargs=kwargs, current_app=current_app)
          ^^^^^^^^^^^^^^^^^^^^^^^^^^^^^^^^^^^^^^^^^^^^^^^^^^^^^^^^^^^^^^^^^^^^^
  File "C:\Users\jyash\Desktop\djang\djan\Lib\site-packages\django\urls\base.py", line 98, in reverse
    resolved_url = resolver._reverse_with_prefix(view, prefix, *args, **kwargs)
                   ^^^^^^^^^^^^^^^^^^^^^^^^^^^^^^^^^^^^^^^^^^^^^^^^^^^^^^^^^^^^
  File "C:\Users\jyash\Desktop\djang\djan\Lib\site-packages\django\urls\resolvers.py", line 831, in _reverse_with_prefix
    raise NoReverseMatch(msg)
django.urls.exceptions.NoReverseMatch: Reverse for 'Address Address' not found. 'Address Address' is not a valid view function or pattern name.
"GET /profile/ HTTP/1.1" 500 152360
Internal Server Error: /profile/
Traceback (most recent call last):
  File "C:\Users\jyash\Desktop\djang\djan\Lib\site-packages\django\core\handlers\exception.py", line 55, in inner
    response = get_response(request)
               ^^^^^^^^^^^^^^^^^^^^^
  File "C:\Users\jyash\Desktop\djang\djan\Lib\site-packages\django\core\handlers\base.py", line 197, in _get_response
    response = wrapped_callback(request, *callback_args, **callback_kwargs)
               ^^^^^^^^^^^^^^^^^^^^^^^^^^^^^^^^^^^^^^^^^^^^^^^^^^^^^^^^^^^^
  File "C:\Users\jyash\Desktop\ecom\userprofile\views.py", line 16, in profile
    return render(request,'userprofile/profile.html',{'user':user[0],'wish':wish,'cart':cart,'addresses':addresses})
           ^^^^^^^^^^^^^^^^^^^^^^^^^^^^^^^^^^^^^^^^^^^^^^^^^^^^^^^^^^^^^^^^^^^^^^^^^^^^^^^^^^^^^^^^^^^^^^^^^^^^^^^^^
  File "C:\Users\jyash\Desktop\djang\djan\Lib\site-packages\django\shortcuts.py", line 25, in render
    content = loader.render_to_string(template_name, context, request, using=using)
              ^^^^^^^^^^^^^^^^^^^^^^^^^^^^^^^^^^^^^^^^^^^^^^^^^^^^^^^^^^^^^^^^^^^^^
  File "C:\Users\jyash\Desktop\djang\djan\Lib\site-packages\django\template\loader.py", line 62, in render_to_string
    return template.render(context, request)
           ^^^^^^^^^^^^^^^^^^^^^^^^^^^^^^^^^
  File "C:\Users\jyash\Desktop\djang\djan\Lib\site-packages\django\template\backends\django.py", line 107, in render
    return self.template.render(context)
           ^^^^^^^^^^^^^^^^^^^^^^^^^^^^^
  File "C:\Users\jyash\Desktop\djang\djan\Lib\site-packages\django\template\base.py", line 171, in render
    return self._render(context)
           ^^^^^^^^^^^^^^^^^^^^^
  File "C:\Users\jyash\Desktop\djang\djan\Lib\site-packages\django\template\base.py", line 163, in _render
    return self.nodelist.render(context)
           ^^^^^^^^^^^^^^^^^^^^^^^^^^^^^
  File "C:\Users\jyash\Desktop\djang\djan\Lib\site-packages\django\template\base.py", line 1016, in render
    return SafeString("".join([node.render_annotated(context) for node in self]))
                              ^^^^^^^^^^^^^^^^^^^^^^^^^^^^^^^^^^^^^^^^^^^^^^^^^
  File "C:\Users\jyash\Desktop\djang\djan\Lib\site-packages\django\template\base.py", line 1016, in <listcomp>
    return SafeString("".join([node.render_annotated(context) for node in self]))
                               ^^^^^^^^^^^^^^^^^^^^^^^^^^^^^^
  File "C:\Users\jyash\Desktop\djang\djan\Lib\site-packages\django\template\base.py", line 977, in render_annotated
    return self.render(context)
           ^^^^^^^^^^^^^^^^^^^^
  File "C:\Users\jyash\Desktop\djang\djan\Lib\site-packages\django\template\defaulttags.py", line 201, in render
    return self.nodelist_empty.render(context)
           ^^^^^^^^^^^^^^^^^^^^^^^^^^^^^^^^^^^
  File "C:\Users\jyash\Desktop\djang\djan\Lib\site-packages\django\template\base.py", line 1016, in render
    return SafeString("".join([node.render_annotated(context) for node in self]))
                              ^^^^^^^^^^^^^^^^^^^^^^^^^^^^^^^^^^^^^^^^^^^^^^^^^
  File "C:\Users\jyash\Desktop\djang\djan\Lib\site-packages\django\template\base.py", line 1016, in <listcomp>
    return SafeString("".join([node.render_annotated(context) for node in self]))
                               ^^^^^^^^^^^^^^^^^^^^^^^^^^^^^^
  File "C:\Users\jyash\Desktop\djang\djan\Lib\site-packages\django\template\base.py", line 977, in render_annotated
    return self.render(context)
           ^^^^^^^^^^^^^^^^^^^^
  File "C:\Users\jyash\Desktop\djang\djan\Lib\site-packages\django\template\defaulttags.py", line 480, in render
    url = reverse(view_name, args=args, kwargs=kwargs, current_app=current_app)
          ^^^^^^^^^^^^^^^^^^^^^^^^^^^^^^^^^^^^^^^^^^^^^^^^^^^^^^^^^^^^^^^^^^^^^
  File "C:\Users\jyash\Desktop\djang\djan\Lib\site-packages\django\urls\base.py", line 98, in reverse
    resolved_url = resolver._reverse_with_prefix(view, prefix, *args, **kwargs)
                   ^^^^^^^^^^^^^^^^^^^^^^^^^^^^^^^^^^^^^^^^^^^^^^^^^^^^^^^^^^^^
  File "C:\Users\jyash\Desktop\djang\djan\Lib\site-packages\django\urls\resolvers.py", line 831, in _reverse_with_prefix
    raise NoReverseMatch(msg)
django.urls.exceptions.NoReverseMatch: Reverse for 'Address Address' not found. 'Address Address' is not a valid view function or pattern name.
"GET /profile/ HTTP/1.1" 500 152360
"GET /profile/ HTTP/1.1" 200 20271
"GET /profile/ HTTP/1.1" 200 20267
"GET /profile/ HTTP/1.1" 200 20232
Not Found: /.well-known/appspecific/com.chrome.devtools.json
"GET /.well-known/appspecific/com.chrome.devtools.json HTTP/1.1" 404 3984
"GET /profile/ HTTP/1.1" 200 20283
Not Found: /.well-known/appspecific/com.chrome.devtools.json
"GET /.well-known/appspecific/com.chrome.devtools.json HTTP/1.1" 404 3984
"GET /profile/ HTTP/1.1" 200 20283
Not Found: /.well-known/appspecific/com.chrome.devtools.json
"GET /.well-known/appspecific/com.chrome.devtools.json HTTP/1.1" 404 3984
"GET /profile/add-address/ HTTP/1.1" 200 4100
Not Found: /.well-known/appspecific/com.chrome.devtools.json
"GET /.well-known/appspecific/com.chrome.devtools.json HTTP/1.1" 404 3984
"POST /store/checkout/ HTTP/1.1" 200 16266
Not Found: /.well-known/appspecific/com.chrome.devtools.json
"GET /.well-known/appspecific/com.chrome.devtools.json HTTP/1.1" 404 3984
C:\Users\jyash\Desktop\ecom\store\views.py changed, reloading.
Watching for file changes with StatReloader
C:\Users\jyash\Desktop\ecom\store\views.py changed, reloading.
Watching for file changes with StatReloader
"POST /store/checkout/ HTTP/1.1" 200 16266
"GET /profile/ HTTP/1.1" 200 20283
"GET /profile/add-address/ HTTP/1.1" 200 4100
C:\Users\jyash\Desktop\ecom\userprofile\views.py changed, reloading.
Watching for file changes with StatReloader
C:\Users\jyash\Desktop\ecom\userprofile\views.py changed, reloading.
Watching for file changes with StatReloader
C:\Users\jyash\Desktop\ecom\userprofile\views.py changed, reloading.
Watching for file changes with StatReloader
C:\Users\jyash\Desktop\ecom\userprofile\views.py changed, reloading.
Watching for file changes with StatReloader
C:\Users\jyash\Desktop\ecom\userprofile\views.py changed, reloading.
Watching for file changes with StatReloader
"GET /profile/ HTTP/1.1" 200 20283
C:\Users\jyash\Desktop\ecom\userprofile\views.py changed, reloading.
Watching for file changes with StatReloader
Internal Server Error: /profile/
Traceback (most recent call last):
  File "C:\Users\jyash\Desktop\djang\djan\Lib\site-packages\django\core\handlers\exception.py", line 55, in inner
    response = get_response(request)
               ^^^^^^^^^^^^^^^^^^^^^
  File "C:\Users\jyash\Desktop\djang\djan\Lib\site-packages\django\core\handlers\base.py", line 197, in _get_response
    response = wrapped_callback(request, *callback_args, **callback_kwargs)
               ^^^^^^^^^^^^^^^^^^^^^^^^^^^^^^^^^^^^^^^^^^^^^^^^^^^^^^^^^^^^
  File "C:\Users\jyash\Desktop\ecom\userprofile\views.py", line 12, in profile
    print(addresses[0])
          ~~~~~~~~~^^^
  File "C:\Users\jyash\Desktop\djang\djan\Lib\site-packages\django\db\models\query.py", line 436, in __getitem__
    return qs._result_cache[0]
           ~~~~~~~~~~~~~~~~^^^
IndexError: list index out of range
"GET /profile/ HTTP/1.1" 500 75610
C:\Users\jyash\Desktop\ecom\userprofile\views.py changed, reloading.
Watching for file changes with StatReloader
"GET /admin/ HTTP/1.1" 302 0
"GET /admin/login/?next=/admin/ HTTP/1.1" 200 3820
Not Found: /admn
"GET /admn HTTP/1.1" 404 3852
"GET /admin/ HTTP/1.1" 302 0
"GET /admin/login/?next=/admin/ HTTP/1.1" 200 3686
"POST /admin/login/?next=/admin/ HTTP/1.1" 302 0
"GET /admin/ HTTP/1.1" 200 13387
"GET /admin/userprofile/userprofile/ HTTP/1.1" 200 16096
"GET /admin/jsi18n/ HTTP/1.1" 200 3342
"GET /admin/userprofile/userprofile/8/change/ HTTP/1.1" 200 27759
"GET /admin/jsi18n/ HTTP/1.1" 200 3342
"GET /admin/userprofile/userprofile/ HTTP/1.1" 200 16096
"GET /admin/userprofile/userprofile/8/change/ HTTP/1.1" 200 27759
"GET /admin/jsi18n/ HTTP/1.1" 200 3342
"GET /admin/store/seller/ HTTP/1.1" 200 11802
"GET /admin/jsi18n/ HTTP/1.1" 200 3342
"GET /admin/store/seller/2/change/ HTTP/1.1" 200 13269
"GET /admin/jsi18n/ HTTP/1.1" 200 3342
"GET /admin/userprofile/userprofile/ HTTP/1.1" 200 16096
"GET /admin/jsi18n/ HTTP/1.1" 200 3342
"GET /admin/userprofile/userprofile/8/change/ HTTP/1.1" 200 27759
"GET /admin/jsi18n/ HTTP/1.1" 200 3342
C:\Users\jyash\Desktop\ecom\userprofile\admin.py changed, reloading.
Watching for file changes with StatReloader
C:\Users\jyash\Desktop\ecom\userprofile\admin.py changed, reloading.
Watching for file changes with StatReloader
C:\Users\jyash\Desktop\ecom\userprofile\admin.py changed, reloading.
Watching for file changes with StatReloader
C:\Users\jyash\Desktop\ecom\userprofile\admin.py changed, reloading.
Watching for file changes with StatReloader
C:\Users\jyash\Desktop\ecom\userprofile\admin.py changed, reloading.
Watching for file changes with StatReloader
C:\Users\jyash\Desktop\ecom\userprofile\admin.py changed, reloading.
Watching for file changes with StatReloader
"GET /admin/userprofile/userprofile/8/change/ HTTP/1.1" 200 28648
"GET /admin/jsi18n/ HTTP/1.1" 200 3342
"GET /admin/userprofile/addressd/ HTTP/1.1" 200 11464
"GET /admin/jsi18n/ HTTP/1.1" 200 3342
C:\Users\jyash\Desktop\ecom\userprofile\views.py changed, reloading.
Watching for file changes with StatReloader
C:\Users\jyash\Desktop\ecom\userprofile\views.py changed, reloading.
Watching for file changes with StatReloader
"GET /profile/ HTTP/1.1" 200 20251
"GET /media/profile/kaneki_wallpaper.jpg HTTP/1.1" 304 0
"GET /profile/add-address/ HTTP/1.1" 200 4100
"POST /store/checkout/ HTTP/1.1" 200 16929
"GET /profile/ HTTP/1.1" 200 20251
"GET /store/ HTTP/1.1" 200 34629
Internal Server Error: /store/profile/
Traceback (most recent call last):
  File "C:\Users\jyash\Desktop\djang\djan\Lib\site-packages\django\core\handlers\exception.py", line 55, in inner
    response = get_response(request)
               ^^^^^^^^^^^^^^^^^^^^^
  File "C:\Users\jyash\Desktop\djang\djan\Lib\site-packages\django\core\handlers\base.py", line 197, in _get_response
    response = wrapped_callback(request, *callback_args, **callback_kwargs)
               ^^^^^^^^^^^^^^^^^^^^^^^^^^^^^^^^^^^^^^^^^^^^^^^^^^^^^^^^^^^^
  File "C:\Users\jyash\Desktop\ecom\store\views.py", line 213, in seller_pro
    return render(request, "store/profile_ven.html", context)
           ^^^^^^^^^^^^^^^^^^^^^^^^^^^^^^^^^^^^^^^^^^^^^^^^^^
  File "C:\Users\jyash\Desktop\djang\djan\Lib\site-packages\django\shortcuts.py", line 25, in render
    content = loader.render_to_string(template_name, context, request, using=using)
              ^^^^^^^^^^^^^^^^^^^^^^^^^^^^^^^^^^^^^^^^^^^^^^^^^^^^^^^^^^^^^^^^^^^^^
  File "C:\Users\jyash\Desktop\djang\djan\Lib\site-packages\django\template\loader.py", line 62, in render_to_string
    return template.render(context, request)
           ^^^^^^^^^^^^^^^^^^^^^^^^^^^^^^^^^
  File "C:\Users\jyash\Desktop\djang\djan\Lib\site-packages\django\template\backends\django.py", line 107, in render
    return self.template.render(context)
           ^^^^^^^^^^^^^^^^^^^^^^^^^^^^^
  File "C:\Users\jyash\Desktop\djang\djan\Lib\site-packages\django\template\base.py", line 171, in render
    return self._render(context)
           ^^^^^^^^^^^^^^^^^^^^^
  File "C:\Users\jyash\Desktop\djang\djan\Lib\site-packages\django\template\base.py", line 163, in _render
    return self.nodelist.render(context)
           ^^^^^^^^^^^^^^^^^^^^^^^^^^^^^
  File "C:\Users\jyash\Desktop\djang\djan\Lib\site-packages\django\template\base.py", line 1016, in render
    return SafeString("".join([node.render_annotated(context) for node in self]))
                              ^^^^^^^^^^^^^^^^^^^^^^^^^^^^^^^^^^^^^^^^^^^^^^^^^
  File "C:\Users\jyash\Desktop\djang\djan\Lib\site-packages\django\template\base.py", line 1016, in <listcomp>
    return SafeString("".join([node.render_annotated(context) for node in self]))
                               ^^^^^^^^^^^^^^^^^^^^^^^^^^^^^^
  File "C:\Users\jyash\Desktop\djang\djan\Lib\site-packages\django\template\base.py", line 977, in render_annotated
    return self.render(context)
           ^^^^^^^^^^^^^^^^^^^^
  File "C:\Users\jyash\Desktop\djang\djan\Lib\site-packages\django\template\defaulttags.py", line 480, in render
    url = reverse(view_name, args=args, kwargs=kwargs, current_app=current_app)
          ^^^^^^^^^^^^^^^^^^^^^^^^^^^^^^^^^^^^^^^^^^^^^^^^^^^^^^^^^^^^^^^^^^^^^
  File "C:\Users\jyash\Desktop\djang\djan\Lib\site-packages\django\urls\base.py", line 98, in reverse
    resolved_url = resolver._reverse_with_prefix(view, prefix, *args, **kwargs)
                   ^^^^^^^^^^^^^^^^^^^^^^^^^^^^^^^^^^^^^^^^^^^^^^^^^^^^^^^^^^^^
  File "C:\Users\jyash\Desktop\djang\djan\Lib\site-packages\django\urls\resolvers.py", line 831, in _reverse_with_prefix
    raise NoReverseMatch(msg)
django.urls.exceptions.NoReverseMatch: Reverse for 'product_detail' with arguments '('',)' not found. 1 pattern(s) tried: ['store/product/(?P<slug>[-a-zA-Z0-9_]+)/\\Z']
"GET /store/profile/ HTTP/1.1" 500 131675
Not Found: /.well-known/appspecific/com.chrome.devtools.json
"GET /.well-known/appspecific/com.chrome.devtools.json HTTP/1.1" 404 3984
Internal Server Error: /store/profile/
Traceback (most recent call last):
  File "C:\Users\jyash\Desktop\djang\djan\Lib\site-packages\django\core\handlers\exception.py", line 55, in inner
    response = get_response(request)
               ^^^^^^^^^^^^^^^^^^^^^
  File "C:\Users\jyash\Desktop\djang\djan\Lib\site-packages\django\core\handlers\base.py", line 197, in _get_response
    response = wrapped_callback(request, *callback_args, **callback_kwargs)
               ^^^^^^^^^^^^^^^^^^^^^^^^^^^^^^^^^^^^^^^^^^^^^^^^^^^^^^^^^^^^
  File "C:\Users\jyash\Desktop\ecom\store\views.py", line 213, in seller_pro
    return render(request, "store/profile_ven.html", context)
           ^^^^^^^^^^^^^^^^^^^^^^^^^^^^^^^^^^^^^^^^^^^^^^^^^^
  File "C:\Users\jyash\Desktop\djang\djan\Lib\site-packages\django\shortcuts.py", line 25, in render
    content = loader.render_to_string(template_name, context, request, using=using)
              ^^^^^^^^^^^^^^^^^^^^^^^^^^^^^^^^^^^^^^^^^^^^^^^^^^^^^^^^^^^^^^^^^^^^^
  File "C:\Users\jyash\Desktop\djang\djan\Lib\site-packages\django\template\loader.py", line 62, in render_to_string
    return template.render(context, request)
           ^^^^^^^^^^^^^^^^^^^^^^^^^^^^^^^^^
  File "C:\Users\jyash\Desktop\djang\djan\Lib\site-packages\django\template\backends\django.py", line 107, in render
    return self.template.render(context)
           ^^^^^^^^^^^^^^^^^^^^^^^^^^^^^
  File "C:\Users\jyash\Desktop\djang\djan\Lib\site-packages\django\template\base.py", line 171, in render
    return self._render(context)
           ^^^^^^^^^^^^^^^^^^^^^
  File "C:\Users\jyash\Desktop\djang\djan\Lib\site-packages\django\template\base.py", line 163, in _render
    return self.nodelist.render(context)
           ^^^^^^^^^^^^^^^^^^^^^^^^^^^^^
  File "C:\Users\jyash\Desktop\djang\djan\Lib\site-packages\django\template\base.py", line 1016, in render
    return SafeString("".join([node.render_annotated(context) for node in self]))
                              ^^^^^^^^^^^^^^^^^^^^^^^^^^^^^^^^^^^^^^^^^^^^^^^^^
  File "C:\Users\jyash\Desktop\djang\djan\Lib\site-packages\django\template\base.py", line 1016, in <listcomp>
    return SafeString("".join([node.render_annotated(context) for node in self]))
                               ^^^^^^^^^^^^^^^^^^^^^^^^^^^^^^
  File "C:\Users\jyash\Desktop\djang\djan\Lib\site-packages\django\template\base.py", line 977, in render_annotated
    return self.render(context)
           ^^^^^^^^^^^^^^^^^^^^
  File "C:\Users\jyash\Desktop\djang\djan\Lib\site-packages\django\template\defaulttags.py", line 243, in render
    nodelist.append(node.render_annotated(context))
                    ^^^^^^^^^^^^^^^^^^^^^^^^^^^^^^
  File "C:\Users\jyash\Desktop\djang\djan\Lib\site-packages\django\template\base.py", line 977, in render_annotated
    return self.render(context)
           ^^^^^^^^^^^^^^^^^^^^
  File "C:\Users\jyash\Desktop\djang\djan\Lib\site-packages\django\template\defaulttags.py", line 480, in render
    url = reverse(view_name, args=args, kwargs=kwargs, current_app=current_app)
          ^^^^^^^^^^^^^^^^^^^^^^^^^^^^^^^^^^^^^^^^^^^^^^^^^^^^^^^^^^^^^^^^^^^^^
  File "C:\Users\jyash\Desktop\djang\djan\Lib\site-packages\django\urls\base.py", line 98, in reverse
    resolved_url = resolver._reverse_with_prefix(view, prefix, *args, **kwargs)
                   ^^^^^^^^^^^^^^^^^^^^^^^^^^^^^^^^^^^^^^^^^^^^^^^^^^^^^^^^^^^^
  File "C:\Users\jyash\Desktop\djang\djan\Lib\site-packages\django\urls\resolvers.py", line 831, in _reverse_with_prefix
    raise NoReverseMatch(msg)
django.urls.exceptions.NoReverseMatch: Reverse for 'product_detail' with arguments '('',)' not found. 1 pattern(s) tried: ['store/product/(?P<slug>[-a-zA-Z0-9_]+)/\\Z']
"GET /store/profile/ HTTP/1.1" 500 142157
Not Found: /.well-known/appspecific/com.chrome.devtools.json
"GET /.well-known/appspecific/com.chrome.devtools.json HTTP/1.1" 404 3984
Internal Server Error: /store/profile/
Traceback (most recent call last):
  File "C:\Users\jyash\Desktop\djang\djan\Lib\site-packages\django\core\handlers\exception.py", line 55, in inner
    response = get_response(request)
               ^^^^^^^^^^^^^^^^^^^^^
  File "C:\Users\jyash\Desktop\djang\djan\Lib\site-packages\django\core\handlers\base.py", line 197, in _get_response
    response = wrapped_callback(request, *callback_args, **callback_kwargs)
               ^^^^^^^^^^^^^^^^^^^^^^^^^^^^^^^^^^^^^^^^^^^^^^^^^^^^^^^^^^^^
  File "C:\Users\jyash\Desktop\ecom\store\views.py", line 213, in seller_pro
    return render(request, "store/profile_ven.html", context)
           ^^^^^^^^^^^^^^^^^^^^^^^^^^^^^^^^^^^^^^^^^^^^^^^^^^
  File "C:\Users\jyash\Desktop\djang\djan\Lib\site-packages\django\shortcuts.py", line 25, in render
    content = loader.render_to_string(template_name, context, request, using=using)
              ^^^^^^^^^^^^^^^^^^^^^^^^^^^^^^^^^^^^^^^^^^^^^^^^^^^^^^^^^^^^^^^^^^^^^
  File "C:\Users\jyash\Desktop\djang\djan\Lib\site-packages\django\template\loader.py", line 62, in render_to_string
    return template.render(context, request)
           ^^^^^^^^^^^^^^^^^^^^^^^^^^^^^^^^^
  File "C:\Users\jyash\Desktop\djang\djan\Lib\site-packages\django\template\backends\django.py", line 107, in render
    return self.template.render(context)
           ^^^^^^^^^^^^^^^^^^^^^^^^^^^^^
  File "C:\Users\jyash\Desktop\djang\djan\Lib\site-packages\django\template\base.py", line 171, in render
    return self._render(context)
           ^^^^^^^^^^^^^^^^^^^^^
  File "C:\Users\jyash\Desktop\djang\djan\Lib\site-packages\django\template\base.py", line 163, in _render
    return self.nodelist.render(context)
           ^^^^^^^^^^^^^^^^^^^^^^^^^^^^^
  File "C:\Users\jyash\Desktop\djang\djan\Lib\site-packages\django\template\base.py", line 1016, in render
    return SafeString("".join([node.render_annotated(context) for node in self]))
                              ^^^^^^^^^^^^^^^^^^^^^^^^^^^^^^^^^^^^^^^^^^^^^^^^^
  File "C:\Users\jyash\Desktop\djang\djan\Lib\site-packages\django\template\base.py", line 1016, in <listcomp>
    return SafeString("".join([node.render_annotated(context) for node in self]))
                               ^^^^^^^^^^^^^^^^^^^^^^^^^^^^^^
  File "C:\Users\jyash\Desktop\djang\djan\Lib\site-packages\django\template\base.py", line 977, in render_annotated
    return self.render(context)
           ^^^^^^^^^^^^^^^^^^^^
  File "C:\Users\jyash\Desktop\djang\djan\Lib\site-packages\django\template\defaulttags.py", line 243, in render
    nodelist.append(node.render_annotated(context))
                    ^^^^^^^^^^^^^^^^^^^^^^^^^^^^^^
  File "C:\Users\jyash\Desktop\djang\djan\Lib\site-packages\django\template\base.py", line 977, in render_annotated
    return self.render(context)
           ^^^^^^^^^^^^^^^^^^^^
  File "C:\Users\jyash\Desktop\djang\djan\Lib\site-packages\django\template\defaulttags.py", line 480, in render
    url = reverse(view_name, args=args, kwargs=kwargs, current_app=current_app)
          ^^^^^^^^^^^^^^^^^^^^^^^^^^^^^^^^^^^^^^^^^^^^^^^^^^^^^^^^^^^^^^^^^^^^^
  File "C:\Users\jyash\Desktop\djang\djan\Lib\site-packages\django\urls\base.py", line 98, in reverse
    resolved_url = resolver._reverse_with_prefix(view, prefix, *args, **kwargs)
                   ^^^^^^^^^^^^^^^^^^^^^^^^^^^^^^^^^^^^^^^^^^^^^^^^^^^^^^^^^^^^
  File "C:\Users\jyash\Desktop\djang\djan\Lib\site-packages\django\urls\resolvers.py", line 831, in _reverse_with_prefix
    raise NoReverseMatch(msg)
django.urls.exceptions.NoReverseMatch: Reverse for 'product_detail' with arguments '('',)' not found. 1 pattern(s) tried: ['store/product/(?P<slug>[-a-zA-Z0-9_]+)/\\Z']
"GET /store/profile/ HTTP/1.1" 500 142157
Not Found: /.well-known/appspecific/com.chrome.devtools.json
"GET /.well-known/appspecific/com.chrome.devtools.json HTTP/1.1" 404 3984
Internal Server Error: /store/profile/
Traceback (most recent call last):
  File "C:\Users\jyash\Desktop\djang\djan\Lib\site-packages\django\core\handlers\exception.py", line 55, in inner
    response = get_response(request)
               ^^^^^^^^^^^^^^^^^^^^^
  File "C:\Users\jyash\Desktop\djang\djan\Lib\site-packages\django\core\handlers\base.py", line 197, in _get_response
    response = wrapped_callback(request, *callback_args, **callback_kwargs)
               ^^^^^^^^^^^^^^^^^^^^^^^^^^^^^^^^^^^^^^^^^^^^^^^^^^^^^^^^^^^^
  File "C:\Users\jyash\Desktop\ecom\store\views.py", line 213, in seller_pro
    return render(request, "store/profile_ven.html", context)
           ^^^^^^^^^^^^^^^^^^^^^^^^^^^^^^^^^^^^^^^^^^^^^^^^^^
  File "C:\Users\jyash\Desktop\djang\djan\Lib\site-packages\django\shortcuts.py", line 25, in render
    content = loader.render_to_string(template_name, context, request, using=using)
              ^^^^^^^^^^^^^^^^^^^^^^^^^^^^^^^^^^^^^^^^^^^^^^^^^^^^^^^^^^^^^^^^^^^^^
  File "C:\Users\jyash\Desktop\djang\djan\Lib\site-packages\django\template\loader.py", line 62, in render_to_string
    return template.render(context, request)
           ^^^^^^^^^^^^^^^^^^^^^^^^^^^^^^^^^
  File "C:\Users\jyash\Desktop\djang\djan\Lib\site-packages\django\template\backends\django.py", line 107, in render
    return self.template.render(context)
           ^^^^^^^^^^^^^^^^^^^^^^^^^^^^^
  File "C:\Users\jyash\Desktop\djang\djan\Lib\site-packages\django\template\base.py", line 171, in render
    return self._render(context)
           ^^^^^^^^^^^^^^^^^^^^^
  File "C:\Users\jyash\Desktop\djang\djan\Lib\site-packages\django\template\base.py", line 163, in _render
    return self.nodelist.render(context)
           ^^^^^^^^^^^^^^^^^^^^^^^^^^^^^
  File "C:\Users\jyash\Desktop\djang\djan\Lib\site-packages\django\template\base.py", line 1016, in render
    return SafeString("".join([node.render_annotated(context) for node in self]))
                              ^^^^^^^^^^^^^^^^^^^^^^^^^^^^^^^^^^^^^^^^^^^^^^^^^
  File "C:\Users\jyash\Desktop\djang\djan\Lib\site-packages\django\template\base.py", line 1016, in <listcomp>
    return SafeString("".join([node.render_annotated(context) for node in self]))
                               ^^^^^^^^^^^^^^^^^^^^^^^^^^^^^^
  File "C:\Users\jyash\Desktop\djang\djan\Lib\site-packages\django\template\base.py", line 977, in render_annotated
    return self.render(context)
           ^^^^^^^^^^^^^^^^^^^^
  File "C:\Users\jyash\Desktop\djang\djan\Lib\site-packages\django\template\defaulttags.py", line 243, in render
    nodelist.append(node.render_annotated(context))
                    ^^^^^^^^^^^^^^^^^^^^^^^^^^^^^^
  File "C:\Users\jyash\Desktop\djang\djan\Lib\site-packages\django\template\base.py", line 977, in render_annotated
    return self.render(context)
           ^^^^^^^^^^^^^^^^^^^^
  File "C:\Users\jyash\Desktop\djang\djan\Lib\site-packages\django\template\defaulttags.py", line 480, in render
    url = reverse(view_name, args=args, kwargs=kwargs, current_app=current_app)
          ^^^^^^^^^^^^^^^^^^^^^^^^^^^^^^^^^^^^^^^^^^^^^^^^^^^^^^^^^^^^^^^^^^^^^
  File "C:\Users\jyash\Desktop\djang\djan\Lib\site-packages\django\urls\base.py", line 98, in reverse
    resolved_url = resolver._reverse_with_prefix(view, prefix, *args, **kwargs)
                   ^^^^^^^^^^^^^^^^^^^^^^^^^^^^^^^^^^^^^^^^^^^^^^^^^^^^^^^^^^^^
  File "C:\Users\jyash\Desktop\djang\djan\Lib\site-packages\django\urls\resolvers.py", line 831, in _reverse_with_prefix
    raise NoReverseMatch(msg)
django.urls.exceptions.NoReverseMatch: Reverse for 'product_detail' with arguments '('',)' not found. 1 pattern(s) tried: ['store/product/(?P<slug>[-a-zA-Z0-9_]+)/\\Z']
"GET /store/profile/ HTTP/1.1" 500 142157
Not Found: /.well-known/appspecific/com.chrome.devtools.json
"GET /.well-known/appspecific/com.chrome.devtools.json HTTP/1.1" 404 3984
Internal Server Error: /store/profile/
Traceback (most recent call last):
  File "C:\Users\jyash\Desktop\djang\djan\Lib\site-packages\django\core\handlers\exception.py", line 55, in inner
    response = get_response(request)
               ^^^^^^^^^^^^^^^^^^^^^
  File "C:\Users\jyash\Desktop\djang\djan\Lib\site-packages\django\core\handlers\base.py", line 197, in _get_response
    response = wrapped_callback(request, *callback_args, **callback_kwargs)
               ^^^^^^^^^^^^^^^^^^^^^^^^^^^^^^^^^^^^^^^^^^^^^^^^^^^^^^^^^^^^
  File "C:\Users\jyash\Desktop\ecom\store\views.py", line 213, in seller_pro
    return render(request, "store/profile_ven.html", context)
           ^^^^^^^^^^^^^^^^^^^^^^^^^^^^^^^^^^^^^^^^^^^^^^^^^^
  File "C:\Users\jyash\Desktop\djang\djan\Lib\site-packages\django\shortcuts.py", line 25, in render
    content = loader.render_to_string(template_name, context, request, using=using)
              ^^^^^^^^^^^^^^^^^^^^^^^^^^^^^^^^^^^^^^^^^^^^^^^^^^^^^^^^^^^^^^^^^^^^^
  File "C:\Users\jyash\Desktop\djang\djan\Lib\site-packages\django\template\loader.py", line 62, in render_to_string
    return template.render(context, request)
           ^^^^^^^^^^^^^^^^^^^^^^^^^^^^^^^^^
  File "C:\Users\jyash\Desktop\djang\djan\Lib\site-packages\django\template\backends\django.py", line 107, in render
    return self.template.render(context)
           ^^^^^^^^^^^^^^^^^^^^^^^^^^^^^
  File "C:\Users\jyash\Desktop\djang\djan\Lib\site-packages\django\template\base.py", line 171, in render
    return self._render(context)
           ^^^^^^^^^^^^^^^^^^^^^
  File "C:\Users\jyash\Desktop\djang\djan\Lib\site-packages\django\template\base.py", line 163, in _render
    return self.nodelist.render(context)
           ^^^^^^^^^^^^^^^^^^^^^^^^^^^^^
  File "C:\Users\jyash\Desktop\djang\djan\Lib\site-packages\django\template\base.py", line 1016, in render
    return SafeString("".join([node.render_annotated(context) for node in self]))
                              ^^^^^^^^^^^^^^^^^^^^^^^^^^^^^^^^^^^^^^^^^^^^^^^^^
  File "C:\Users\jyash\Desktop\djang\djan\Lib\site-packages\django\template\base.py", line 1016, in <listcomp>
    return SafeString("".join([node.render_annotated(context) for node in self]))
                               ^^^^^^^^^^^^^^^^^^^^^^^^^^^^^^
  File "C:\Users\jyash\Desktop\djang\djan\Lib\site-packages\django\template\base.py", line 977, in render_annotated
    return self.render(context)
           ^^^^^^^^^^^^^^^^^^^^
  File "C:\Users\jyash\Desktop\djang\djan\Lib\site-packages\django\template\defaulttags.py", line 243, in render
    nodelist.append(node.render_annotated(context))
                    ^^^^^^^^^^^^^^^^^^^^^^^^^^^^^^
  File "C:\Users\jyash\Desktop\djang\djan\Lib\site-packages\django\template\base.py", line 977, in render_annotated
    return self.render(context)
           ^^^^^^^^^^^^^^^^^^^^
  File "C:\Users\jyash\Desktop\djang\djan\Lib\site-packages\django\template\defaulttags.py", line 480, in render
    url = reverse(view_name, args=args, kwargs=kwargs, current_app=current_app)
          ^^^^^^^^^^^^^^^^^^^^^^^^^^^^^^^^^^^^^^^^^^^^^^^^^^^^^^^^^^^^^^^^^^^^^
  File "C:\Users\jyash\Desktop\djang\djan\Lib\site-packages\django\urls\base.py", line 98, in reverse
    resolved_url = resolver._reverse_with_prefix(view, prefix, *args, **kwargs)
                   ^^^^^^^^^^^^^^^^^^^^^^^^^^^^^^^^^^^^^^^^^^^^^^^^^^^^^^^^^^^^
  File "C:\Users\jyash\Desktop\djang\djan\Lib\site-packages\django\urls\resolvers.py", line 831, in _reverse_with_prefix
    raise NoReverseMatch(msg)
django.urls.exceptions.NoReverseMatch: Reverse for 'product_detail' with arguments '('',)' not found. 1 pattern(s) tried: ['store/product/(?P<slug>[-a-zA-Z0-9_]+)/\\Z']
"GET /store/profile/ HTTP/1.1" 500 142157
Not Found: /.well-known/appspecific/com.chrome.devtools.json
"GET /.well-known/appspecific/com.chrome.devtools.json HTTP/1.1" 404 3984
Internal Server Error: /store/profile/
Traceback (most recent call last):
  File "C:\Users\jyash\Desktop\djang\djan\Lib\site-packages\django\core\handlers\exception.py", line 55, in inner
    response = get_response(request)
               ^^^^^^^^^^^^^^^^^^^^^
  File "C:\Users\jyash\Desktop\djang\djan\Lib\site-packages\django\core\handlers\base.py", line 197, in _get_response
    response = wrapped_callback(request, *callback_args, **callback_kwargs)
               ^^^^^^^^^^^^^^^^^^^^^^^^^^^^^^^^^^^^^^^^^^^^^^^^^^^^^^^^^^^^
  File "C:\Users\jyash\Desktop\ecom\store\views.py", line 213, in seller_pro
    return render(request, "store/profile_ven.html", context)
           ^^^^^^^^^^^^^^^^^^^^^^^^^^^^^^^^^^^^^^^^^^^^^^^^^^
  File "C:\Users\jyash\Desktop\djang\djan\Lib\site-packages\django\shortcuts.py", line 25, in render
    content = loader.render_to_string(template_name, context, request, using=using)
              ^^^^^^^^^^^^^^^^^^^^^^^^^^^^^^^^^^^^^^^^^^^^^^^^^^^^^^^^^^^^^^^^^^^^^
  File "C:\Users\jyash\Desktop\djang\djan\Lib\site-packages\django\template\loader.py", line 62, in render_to_string
    return template.render(context, request)
           ^^^^^^^^^^^^^^^^^^^^^^^^^^^^^^^^^
  File "C:\Users\jyash\Desktop\djang\djan\Lib\site-packages\django\template\backends\django.py", line 107, in render
    return self.template.render(context)
           ^^^^^^^^^^^^^^^^^^^^^^^^^^^^^
  File "C:\Users\jyash\Desktop\djang\djan\Lib\site-packages\django\template\base.py", line 171, in render
    return self._render(context)
           ^^^^^^^^^^^^^^^^^^^^^
  File "C:\Users\jyash\Desktop\djang\djan\Lib\site-packages\django\template\base.py", line 163, in _render
    return self.nodelist.render(context)
           ^^^^^^^^^^^^^^^^^^^^^^^^^^^^^
  File "C:\Users\jyash\Desktop\djang\djan\Lib\site-packages\django\template\base.py", line 1016, in render
    return SafeString("".join([node.render_annotated(context) for node in self]))
                              ^^^^^^^^^^^^^^^^^^^^^^^^^^^^^^^^^^^^^^^^^^^^^^^^^
  File "C:\Users\jyash\Desktop\djang\djan\Lib\site-packages\django\template\base.py", line 1016, in <listcomp>
    return SafeString("".join([node.render_annotated(context) for node in self]))
                               ^^^^^^^^^^^^^^^^^^^^^^^^^^^^^^
  File "C:\Users\jyash\Desktop\djang\djan\Lib\site-packages\django\template\base.py", line 977, in render_annotated
    return self.render(context)
           ^^^^^^^^^^^^^^^^^^^^
  File "C:\Users\jyash\Desktop\djang\djan\Lib\site-packages\django\template\defaulttags.py", line 243, in render
    nodelist.append(node.render_annotated(context))
                    ^^^^^^^^^^^^^^^^^^^^^^^^^^^^^^
  File "C:\Users\jyash\Desktop\djang\djan\Lib\site-packages\django\template\base.py", line 977, in render_annotated
    return self.render(context)
           ^^^^^^^^^^^^^^^^^^^^
  File "C:\Users\jyash\Desktop\djang\djan\Lib\site-packages\django\template\defaulttags.py", line 480, in render
    url = reverse(view_name, args=args, kwargs=kwargs, current_app=current_app)
          ^^^^^^^^^^^^^^^^^^^^^^^^^^^^^^^^^^^^^^^^^^^^^^^^^^^^^^^^^^^^^^^^^^^^^
  File "C:\Users\jyash\Desktop\djang\djan\Lib\site-packages\django\urls\base.py", line 98, in reverse
    resolved_url = resolver._reverse_with_prefix(view, prefix, *args, **kwargs)
                   ^^^^^^^^^^^^^^^^^^^^^^^^^^^^^^^^^^^^^^^^^^^^^^^^^^^^^^^^^^^^
  File "C:\Users\jyash\Desktop\djang\djan\Lib\site-packages\django\urls\resolvers.py", line 831, in _reverse_with_prefix
    raise NoReverseMatch(msg)
django.urls.exceptions.NoReverseMatch: Reverse for 'product_detail' with arguments '('',)' not found. 1 pattern(s) tried: ['store/product/(?P<slug>[-a-zA-Z0-9_]+)/\\Z']
"GET /store/profile/ HTTP/1.1" 500 142157
Not Found: /.well-known/appspecific/com.chrome.devtools.json
"GET /.well-known/appspecific/com.chrome.devtools.json HTTP/1.1" 404 3984
Internal Server Error: /store/profile/
Traceback (most recent call last):
  File "C:\Users\jyash\Desktop\djang\djan\Lib\site-packages\django\core\handlers\exception.py", line 55, in inner
    response = get_response(request)
               ^^^^^^^^^^^^^^^^^^^^^
  File "C:\Users\jyash\Desktop\djang\djan\Lib\site-packages\django\core\handlers\base.py", line 197, in _get_response
    response = wrapped_callback(request, *callback_args, **callback_kwargs)
               ^^^^^^^^^^^^^^^^^^^^^^^^^^^^^^^^^^^^^^^^^^^^^^^^^^^^^^^^^^^^
  File "C:\Users\jyash\Desktop\ecom\store\views.py", line 213, in seller_pro
    return render(request, "store/profile_ven.html", context)
           ^^^^^^^^^^^^^^^^^^^^^^^^^^^^^^^^^^^^^^^^^^^^^^^^^^
  File "C:\Users\jyash\Desktop\djang\djan\Lib\site-packages\django\shortcuts.py", line 25, in render
    content = loader.render_to_string(template_name, context, request, using=using)
              ^^^^^^^^^^^^^^^^^^^^^^^^^^^^^^^^^^^^^^^^^^^^^^^^^^^^^^^^^^^^^^^^^^^^^
  File "C:\Users\jyash\Desktop\djang\djan\Lib\site-packages\django\template\loader.py", line 62, in render_to_string
    return template.render(context, request)
           ^^^^^^^^^^^^^^^^^^^^^^^^^^^^^^^^^
  File "C:\Users\jyash\Desktop\djang\djan\Lib\site-packages\django\template\backends\django.py", line 107, in render
    return self.template.render(context)
           ^^^^^^^^^^^^^^^^^^^^^^^^^^^^^
  File "C:\Users\jyash\Desktop\djang\djan\Lib\site-packages\django\template\base.py", line 171, in render
    return self._render(context)
           ^^^^^^^^^^^^^^^^^^^^^
  File "C:\Users\jyash\Desktop\djang\djan\Lib\site-packages\django\template\base.py", line 163, in _render
    return self.nodelist.render(context)
           ^^^^^^^^^^^^^^^^^^^^^^^^^^^^^
  File "C:\Users\jyash\Desktop\djang\djan\Lib\site-packages\django\template\base.py", line 1016, in render
    return SafeString("".join([node.render_annotated(context) for node in self]))
                              ^^^^^^^^^^^^^^^^^^^^^^^^^^^^^^^^^^^^^^^^^^^^^^^^^
  File "C:\Users\jyash\Desktop\djang\djan\Lib\site-packages\django\template\base.py", line 1016, in <listcomp>
    return SafeString("".join([node.render_annotated(context) for node in self]))
                               ^^^^^^^^^^^^^^^^^^^^^^^^^^^^^^
  File "C:\Users\jyash\Desktop\djang\djan\Lib\site-packages\django\template\base.py", line 977, in render_annotated
    return self.render(context)
           ^^^^^^^^^^^^^^^^^^^^
  File "C:\Users\jyash\Desktop\djang\djan\Lib\site-packages\django\template\defaulttags.py", line 243, in render
    nodelist.append(node.render_annotated(context))
                    ^^^^^^^^^^^^^^^^^^^^^^^^^^^^^^
  File "C:\Users\jyash\Desktop\djang\djan\Lib\site-packages\django\template\base.py", line 977, in render_annotated
    return self.render(context)
           ^^^^^^^^^^^^^^^^^^^^
  File "C:\Users\jyash\Desktop\djang\djan\Lib\site-packages\django\template\defaulttags.py", line 480, in render
    url = reverse(view_name, args=args, kwargs=kwargs, current_app=current_app)
          ^^^^^^^^^^^^^^^^^^^^^^^^^^^^^^^^^^^^^^^^^^^^^^^^^^^^^^^^^^^^^^^^^^^^^
  File "C:\Users\jyash\Desktop\djang\djan\Lib\site-packages\django\urls\base.py", line 98, in reverse
    resolved_url = resolver._reverse_with_prefix(view, prefix, *args, **kwargs)
                   ^^^^^^^^^^^^^^^^^^^^^^^^^^^^^^^^^^^^^^^^^^^^^^^^^^^^^^^^^^^^
  File "C:\Users\jyash\Desktop\djang\djan\Lib\site-packages\django\urls\resolvers.py", line 831, in _reverse_with_prefix
    raise NoReverseMatch(msg)
django.urls.exceptions.NoReverseMatch: Reverse for 'product_detail' with arguments '('',)' not found. 1 pattern(s) tried: ['store/product/(?P<slug>[-a-zA-Z0-9_]+)/\\Z']
"GET /store/profile/ HTTP/1.1" 500 142157
Not Found: /.well-known/appspecific/com.chrome.devtools.json
"GET /.well-known/appspecific/com.chrome.devtools.json HTTP/1.1" 404 3984
"GET /store/profile/ HTTP/1.1" 200 7738
Not Found: /.well-known/appspecific/com.chrome.devtools.json
"GET /.well-known/appspecific/com.chrome.devtools.json HTTP/1.1" 404 3984
"GET /media/products/4.jpg HTTP/1.1" 304 0
"GET /media/products/11.jpg HTTP/1.1" 304 0
"GET /media/products/1_VTygEga.jpg HTTP/1.1" 304 0
"GET /store/profile/ HTTP/1.1" 200 7846
Not Found: /.well-known/appspecific/com.chrome.devtools.json
"GET /.well-known/appspecific/com.chrome.devtools.json HTTP/1.1" 404 3984
"GET /store/product/camera/ HTTP/1.1" 200 36386
Not Found: /.well-known/appspecific/com.chrome.devtools.json
"GET /.well-known/appspecific/com.chrome.devtools.json HTTP/1.1" 404 3984
"GET /static/store/img/shop-details/product-big-3.png HTTP/1.1" 200 108944
"GET /static/store/img/shop-details/product-big.png HTTP/1.1" 200 256057
"GET /static/store/img/shop-details/product-big-4.png HTTP/1.1" 200 340548
"GET /static/store/img/shop-details/details-payment.png HTTP/1.1" 200 21715
"GET /media/products/9.jpg HTTP/1.1" 304 0
"GET /media/products/7_aKothmR.jpg HTTP/1.1" 200 26319
Not Found: /.well-known/appspecific/com.chrome.devtools.json
"GET /.well-known/appspecific/com.chrome.devtools.json HTTP/1.1" 404 3984
Not Found: /.well-known/appspecific/com.chrome.devtools.json
"GET /.well-known/appspecific/com.chrome.devtools.json HTTP/1.1" 404 3984
"GET /store/profile/ HTTP/1.1" 200 7855
Not Found: /.well-known/appspecific/com.chrome.devtools.json
"GET /.well-known/appspecific/com.chrome.devtools.json HTTP/1.1" 404 3984
"GET /store/profile/ HTTP/1.1" 200 7863
"GET /profile/ HTTP/1.1" 200 20283
Watching for file changes with StatReloader
"GET /signin/ HTTP/1.1" 200 1666
"POST /signin/ HTTP/1.1" 200 25724
"GET /static/store/img/logo.png HTTP/1.1" 304 0
"GET /static/store/img/icon/search.png HTTP/1.1" 304 0
"GET /static/store/img/icon/cart.png HTTP/1.1" 304 0
"GET /static/store/img/icon/heart.png HTTP/1.1" 304 0
"GET /static/store/img/banner/banner-1.jpg HTTP/1.1" 304 0
"GET /static/store/js/jquery-3.3.1.min.js HTTP/1.1" 304 0
"GET /static/store/js/bootstrap.min.js HTTP/1.1" 304 0
"GET /static/store/js/jquery.nice-select.min.js HTTP/1.1" 304 0
"GET /static/store/js/jquery.nicescroll.min.js HTTP/1.1" 304 0
"GET /static/store/js/jquery.countdown.min.js HTTP/1.1" 304 0
"GET /static/store/js/jquery.magnific-popup.min.js HTTP/1.1" 304 0
"GET /static/store/js/mixitup.min.js HTTP/1.1" 304 0
"GET /static/store/js/jquery.slicknav.js HTTP/1.1" 304 0
"GET /static/store/img/banner/banner-3.jpg HTTP/1.1" 304 0
"GET /static/store/img/icon/calendar.png HTTP/1.1" 304 0
"GET /static/store/js/owl.carousel.min.js HTTP/1.1" 304 0
"GET /static/store/js/main.js HTTP/1.1" 304 0
"GET /static/store/img/banner/banner-2.jpg HTTP/1.1" 304 0
"GET /static/store/img/product-sale.png HTTP/1.1" 304 0
"GET /static/store/img/footer-logo.png HTTP/1.1" 304 0
"GET /static/store/img/payment.png HTTP/1.1" 304 0
"GET /static/store/fonts/ElegantIcons.woff HTTP/1.1" 304 0
"GET /static/store/fonts/fontawesome-webfont.woff2?v=4.7.0 HTTP/1.1" 304 0
"GET /static/store/img/instagram/instagram-1.jpg HTTP/1.1" 304 0
"GET /static/store/img/instagram/instagram-2.jpg HTTP/1.1" 304 0
"GET /static/store/img/instagram/instagram-3.jpg HTTP/1.1" 304 0
"GET /static/store/img/instagram/instagram-5.jpg HTTP/1.1" 304 0
"GET /static/store/img/instagram/instagram-6.jpg HTTP/1.1" 304 0
"GET /static/store/img/instagram/instagram-4.jpg HTTP/1.1" 304 0
"GET /static/store/img/blog/blog-1.jpg HTTP/1.1" 304 0
"GET /static/store/img/blog/blog-3.jpg HTTP/1.1" 304 0
"GET /static/store/img/blog/blog-2.jpg HTTP/1.1" 304 0
"GET /static/store/img/hero/hero-1.jpg HTTP/1.1" 304 0
"GET /static/store/img/hero/hero-2.jpg HTTP/1.1" 304 0
"GET /profile/ HTTP/1.1" 200 20283
"GET /store/profile/ HTTP/1.1" 200 7863
"GET /profile/add-address/ HTTP/1.1" 200 4100
"POST /store/checkout/ HTTP/1.1" 200 16266
C:\Users\jyash\Desktop\ecom\userprofile\views.py changed, reloading.
Watching for file changes with StatReloader
C:\Users\jyash\Desktop\ecom\userprofile\views.py changed, reloading.
Watching for file changes with StatReloader
C:\Users\jyash\Desktop\ecom\userprofile\views.py changed, reloading.
Watching for file changes with StatReloader
C:\Users\jyash\Desktop\ecom\userprofile\views.py changed, reloading.
Watching for file changes with StatReloader
C:\Users\jyash\Desktop\ecom\userprofile\views.py changed, reloading.
Watching for file changes with StatReloader
C:\Users\jyash\Desktop\ecom\userprofile\views.py changed, reloading.
Watching for file changes with StatReloader
"GET /profile/ HTTP/1.1" 200 20283
"GET /profile/ HTTP/1.1" 200 20283
C:\Users\jyash\Desktop\ecom\userprofile\views.py changed, reloading.
Watching for file changes with StatReloader
"GET /profile/ HTTP/1.1" 200 20283
C:\Users\jyash\Desktop\ecom\userprofile\views.py changed, reloading.
Watching for file changes with StatReloader
"GET /profile/ HTTP/1.1" 200 20283
Internal Server Error: /profile/add-address/
Traceback (most recent call last):
  File "C:\Users\jyash\Desktop\djang\djan\Lib\site-packages\django\core\handlers\exception.py", line 55, in inner
    response = get_response(request)
               ^^^^^^^^^^^^^^^^^^^^^
  File "C:\Users\jyash\Desktop\djang\djan\Lib\site-packages\django\core\handlers\base.py", line 197, in _get_response
    response = wrapped_callback(request, *callback_args, **callback_kwargs)
               ^^^^^^^^^^^^^^^^^^^^^^^^^^^^^^^^^^^^^^^^^^^^^^^^^^^^^^^^^^^^
  File "C:\Users\jyash\Desktop\ecom\userprofile\views.py", line 61, in add_address
    user = UserProfile.objects.get(user=UserProfile)
           ^^^^^^^^^^^^^^^^^^^^^^^^^^^^^^^^^^^^^^^^^
  File "C:\Users\jyash\Desktop\djang\djan\Lib\site-packages\django\db\models\manager.py", line 87, in manager_method
    return getattr(self.get_queryset(), name)(*args, **kwargs)
           ^^^^^^^^^^^^^^^^^^^^^^^^^^^^^^^^^^^^^^^^^^^^^^^^^^^
  File "C:\Users\jyash\Desktop\djang\djan\Lib\site-packages\django\db\models\query.py", line 619, in get
    clone = self._chain() if self.query.combinator else self.filter(*args, **kwargs)
                                                        ^^^^^^^^^^^^^^^^^^^^^^^^^^^^
  File "C:\Users\jyash\Desktop\djang\djan\Lib\site-packages\django\db\models\query.py", line 1493, in filter
    return self._filter_or_exclude(False, args, kwargs)
           ^^^^^^^^^^^^^^^^^^^^^^^^^^^^^^^^^^^^^^^^^^^^
  File "C:\Users\jyash\Desktop\djang\djan\Lib\site-packages\django\db\models\query.py", line 1511, in _filter_or_exclude
    clone._filter_or_exclude_inplace(negate, args, kwargs)
  File "C:\Users\jyash\Desktop\djang\djan\Lib\site-packages\django\db\models\query.py", line 1518, in _filter_or_exclude_inplace
    self._query.add_q(Q(*args, **kwargs))
  File "C:\Users\jyash\Desktop\djang\djan\Lib\site-packages\django\db\models\sql\query.py", line 1646, in add_q
    clause, _ = self._add_q(q_object, can_reuse)
                ^^^^^^^^^^^^^^^^^^^^^^^^^^^^^^^^
  File "C:\Users\jyash\Desktop\djang\djan\Lib\site-packages\django\db\models\sql\query.py", line 1678, in _add_q
    child_clause, needed_inner = self.build_filter(
                                 ^^^^^^^^^^^^^^^^^^
  File "C:\Users\jyash\Desktop\djang\djan\Lib\site-packages\django\db\models\sql\query.py", line 1563, in build_filter
    self.check_related_objects(join_info.final_field, value, join_info.opts)
  File "C:\Users\jyash\Desktop\djang\djan\Lib\site-packages\django\db\models\sql\query.py", line 1372, in check_related_objects
    self.check_query_object_type(value, opts, field)
  File "C:\Users\jyash\Desktop\djang\djan\Lib\site-packages\django\db\models\sql\query.py", line 1349, in check_query_object_type
    raise ValueError(
ValueError: Cannot query "<class 'userprofile.models.UserProfile'>": Must be "Seller" instance.
"GET /profile/add-address/ HTTP/1.1" 500 121056
C:\Users\jyash\Desktop\ecom\userprofile\views.py changed, reloading.
Watching for file changes with StatReloader
Internal Server Error: /profile/add-address/
Traceback (most recent call last):
  File "C:\Users\jyash\Desktop\djang\djan\Lib\site-packages\django\core\handlers\exception.py", line 55, in inner
    response = get_response(request)
               ^^^^^^^^^^^^^^^^^^^^^
  File "C:\Users\jyash\Desktop\djang\djan\Lib\site-packages\django\core\handlers\base.py", line 197, in _get_response
    response = wrapped_callback(request, *callback_args, **callback_kwargs)
               ^^^^^^^^^^^^^^^^^^^^^^^^^^^^^^^^^^^^^^^^^^^^^^^^^^^^^^^^^^^^
  File "C:\Users\jyash\Desktop\ecom\userprofile\views.py", line 61, in add_address
    user = UserProfile.objects.get(user=request.user)
           ^^^^^^^^^^^^^^^^^^^^^^^^^^^^^^^^^^^^^^^^^^
  File "C:\Users\jyash\Desktop\djang\djan\Lib\site-packages\django\db\models\manager.py", line 87, in manager_method
    return getattr(self.get_queryset(), name)(*args, **kwargs)
           ^^^^^^^^^^^^^^^^^^^^^^^^^^^^^^^^^^^^^^^^^^^^^^^^^^^
  File "C:\Users\jyash\Desktop\djang\djan\Lib\site-packages\django\db\models\query.py", line 619, in get
    clone = self._chain() if self.query.combinator else self.filter(*args, **kwargs)
                                                        ^^^^^^^^^^^^^^^^^^^^^^^^^^^^
  File "C:\Users\jyash\Desktop\djang\djan\Lib\site-packages\django\db\models\query.py", line 1493, in filter
    return self._filter_or_exclude(False, args, kwargs)
           ^^^^^^^^^^^^^^^^^^^^^^^^^^^^^^^^^^^^^^^^^^^^
  File "C:\Users\jyash\Desktop\djang\djan\Lib\site-packages\django\db\models\query.py", line 1511, in _filter_or_exclude
    clone._filter_or_exclude_inplace(negate, args, kwargs)
  File "C:\Users\jyash\Desktop\djang\djan\Lib\site-packages\django\db\models\query.py", line 1518, in _filter_or_exclude_inplace
    self._query.add_q(Q(*args, **kwargs))
  File "C:\Users\jyash\Desktop\djang\djan\Lib\site-packages\django\db\models\sql\query.py", line 1646, in add_q
    clause, _ = self._add_q(q_object, can_reuse)
                ^^^^^^^^^^^^^^^^^^^^^^^^^^^^^^^^
  File "C:\Users\jyash\Desktop\djang\djan\Lib\site-packages\django\db\models\sql\query.py", line 1678, in _add_q
    child_clause, needed_inner = self.build_filter(
                                 ^^^^^^^^^^^^^^^^^^
  File "C:\Users\jyash\Desktop\djang\djan\Lib\site-packages\django\db\models\sql\query.py", line 1563, in build_filter
    self.check_related_objects(join_info.final_field, value, join_info.opts)
  File "C:\Users\jyash\Desktop\djang\djan\Lib\site-packages\django\db\models\sql\query.py", line 1372, in check_related_objects
    self.check_query_object_type(value, opts, field)
  File "C:\Users\jyash\Desktop\djang\djan\Lib\site-packages\django\db\models\sql\query.py", line 1349, in check_query_object_type
    raise ValueError(
ValueError: Cannot query "hell": Must be "Seller" instance.
"GET /profile/add-address/ HTTP/1.1" 500 120927
C:\Users\jyash\Desktop\ecom\userprofile\views.py changed, reloading.
Watching for file changes with StatReloader
"GET /profile/add-address/ HTTP/1.1" 200 4100
C:\Users\jyash\Desktop\ecom\userprofile\views.py changed, reloading.
Watching for file changes with StatReloader
C:\Users\jyash\Desktop\ecom\userprofile\views.py changed, reloading.
Watching for file changes with StatReloader
Internal Server Error: /profile/add-address/
Traceback (most recent call last):
  File "C:\Users\jyash\Desktop\djang\djan\Lib\site-packages\django\core\handlers\exception.py", line 55, in inner
    response = get_response(request)
               ^^^^^^^^^^^^^^^^^^^^^
  File "C:\Users\jyash\Desktop\djang\djan\Lib\site-packages\django\core\handlers\base.py", line 197, in _get_response
    response = wrapped_callback(request, *callback_args, **callback_kwargs)
               ^^^^^^^^^^^^^^^^^^^^^^^^^^^^^^^^^^^^^^^^^^^^^^^^^^^^^^^^^^^^
  File "C:\Users\jyash\Desktop\ecom\userprofile\views.py", line 61, in add_address
    user = UserProfile.objects.get(user=request.user)
           ^^^^^^^^^^^^^^^^^^^^^^^^^^^^^^^^^^^^^^^^^^
  File "C:\Users\jyash\Desktop\djang\djan\Lib\site-packages\django\db\models\manager.py", line 87, in manager_method
    return getattr(self.get_queryset(), name)(*args, **kwargs)
           ^^^^^^^^^^^^^^^^^^^^^^^^^^^^^^^^^^^^^^^^^^^^^^^^^^^
  File "C:\Users\jyash\Desktop\djang\djan\Lib\site-packages\django\db\models\query.py", line 619, in get
    clone = self._chain() if self.query.combinator else self.filter(*args, **kwargs)
                                                        ^^^^^^^^^^^^^^^^^^^^^^^^^^^^
  File "C:\Users\jyash\Desktop\djang\djan\Lib\site-packages\django\db\models\query.py", line 1493, in filter
    return self._filter_or_exclude(False, args, kwargs)
           ^^^^^^^^^^^^^^^^^^^^^^^^^^^^^^^^^^^^^^^^^^^^
  File "C:\Users\jyash\Desktop\djang\djan\Lib\site-packages\django\db\models\query.py", line 1511, in _filter_or_exclude
    clone._filter_or_exclude_inplace(negate, args, kwargs)
  File "C:\Users\jyash\Desktop\djang\djan\Lib\site-packages\django\db\models\query.py", line 1518, in _filter_or_exclude_inplace
    self._query.add_q(Q(*args, **kwargs))
  File "C:\Users\jyash\Desktop\djang\djan\Lib\site-packages\django\db\models\sql\query.py", line 1646, in add_q
    clause, _ = self._add_q(q_object, can_reuse)
                ^^^^^^^^^^^^^^^^^^^^^^^^^^^^^^^^
  File "C:\Users\jyash\Desktop\djang\djan\Lib\site-packages\django\db\models\sql\query.py", line 1678, in _add_q
    child_clause, needed_inner = self.build_filter(
                                 ^^^^^^^^^^^^^^^^^^
  File "C:\Users\jyash\Desktop\djang\djan\Lib\site-packages\django\db\models\sql\query.py", line 1563, in build_filter
    self.check_related_objects(join_info.final_field, value, join_info.opts)
  File "C:\Users\jyash\Desktop\djang\djan\Lib\site-packages\django\db\models\sql\query.py", line 1372, in check_related_objects
    self.check_query_object_type(value, opts, field)
  File "C:\Users\jyash\Desktop\djang\djan\Lib\site-packages\django\db\models\sql\query.py", line 1349, in check_query_object_type
    raise ValueError(
ValueError: Cannot query "hell": Must be "Seller" instance.
"GET /profile/add-address/ HTTP/1.1" 500 120927
C:\Users\jyash\Desktop\ecom\userprofile\views.py changed, reloading.
Watching for file changes with StatReloader
C:\Users\jyash\Desktop\ecom\userprofile\views.py changed, reloading.
Watching for file changes with StatReloader
C:\Users\jyash\Desktop\ecom\userprofile\views.py changed, reloading.
Watching for file changes with StatReloader
C:\Users\jyash\Desktop\ecom\userprofile\views.py changed, reloading.
Watching for file changes with StatReloader
C:\Users\jyash\Desktop\ecom\userprofile\views.py changed, reloading.
Watching for file changes with StatReloader
C:\Users\jyash\Desktop\ecom\userprofile\views.py changed, reloading.
Watching for file changes with StatReloader
Internal Server Error: /profile/add-address/
Traceback (most recent call last):
  File "C:\Users\jyash\Desktop\djang\djan\Lib\site-packages\django\core\handlers\exception.py", line 55, in inner
    response = get_response(request)
               ^^^^^^^^^^^^^^^^^^^^^
  File "C:\Users\jyash\Desktop\djang\djan\Lib\site-packages\django\core\handlers\base.py", line 197, in _get_response
    response = wrapped_callback(request, *callback_args, **callback_kwargs)
               ^^^^^^^^^^^^^^^^^^^^^^^^^^^^^^^^^^^^^^^^^^^^^^^^^^^^^^^^^^^^
  File "C:\Users\jyash\Desktop\ecom\userprofile\views.py", line 61, in add_address
    user = UserProfile.objects.filter(user=request.user).first()
           ^^^^^^^^^^^^^^^^^^^^^^^^^^^^^^^^^^^^^^^^^^^^^
  File "C:\Users\jyash\Desktop\djang\djan\Lib\site-packages\django\db\models\manager.py", line 87, in manager_method
    return getattr(self.get_queryset(), name)(*args, **kwargs)
           ^^^^^^^^^^^^^^^^^^^^^^^^^^^^^^^^^^^^^^^^^^^^^^^^^^^
  File "C:\Users\jyash\Desktop\djang\djan\Lib\site-packages\django\db\models\query.py", line 1493, in filter
    return self._filter_or_exclude(False, args, kwargs)
           ^^^^^^^^^^^^^^^^^^^^^^^^^^^^^^^^^^^^^^^^^^^^
  File "C:\Users\jyash\Desktop\djang\djan\Lib\site-packages\django\db\models\query.py", line 1511, in _filter_or_exclude
    clone._filter_or_exclude_inplace(negate, args, kwargs)
  File "C:\Users\jyash\Desktop\djang\djan\Lib\site-packages\django\db\models\query.py", line 1518, in _filter_or_exclude_inplace
    self._query.add_q(Q(*args, **kwargs))
  File "C:\Users\jyash\Desktop\djang\djan\Lib\site-packages\django\db\models\sql\query.py", line 1646, in add_q
    clause, _ = self._add_q(q_object, can_reuse)
                ^^^^^^^^^^^^^^^^^^^^^^^^^^^^^^^^
  File "C:\Users\jyash\Desktop\djang\djan\Lib\site-packages\django\db\models\sql\query.py", line 1678, in _add_q
    child_clause, needed_inner = self.build_filter(
                                 ^^^^^^^^^^^^^^^^^^
  File "C:\Users\jyash\Desktop\djang\djan\Lib\site-packages\django\db\models\sql\query.py", line 1563, in build_filter
    self.check_related_objects(join_info.final_field, value, join_info.opts)
  File "C:\Users\jyash\Desktop\djang\djan\Lib\site-packages\django\db\models\sql\query.py", line 1372, in check_related_objects
    self.check_query_object_type(value, opts, field)
  File "C:\Users\jyash\Desktop\djang\djan\Lib\site-packages\django\db\models\sql\query.py", line 1349, in check_query_object_type
    raise ValueError(
ValueError: Cannot query "hell": Must be "Seller" instance.
"GET /profile/add-address/ HTTP/1.1" 500 116543
Internal Server Error: /profile/add-address/
Traceback (most recent call last):
  File "C:\Users\jyash\Desktop\djang\djan\Lib\site-packages\django\core\handlers\exception.py", line 55, in inner
    response = get_response(request)
               ^^^^^^^^^^^^^^^^^^^^^
  File "C:\Users\jyash\Desktop\djang\djan\Lib\site-packages\django\core\handlers\base.py", line 197, in _get_response
    response = wrapped_callback(request, *callback_args, **callback_kwargs)
               ^^^^^^^^^^^^^^^^^^^^^^^^^^^^^^^^^^^^^^^^^^^^^^^^^^^^^^^^^^^^
  File "C:\Users\jyash\Desktop\ecom\userprofile\views.py", line 61, in add_address
    user = UserProfile.objects.filter(user=request.user).first()
           ^^^^^^^^^^^^^^^^^^^^^^^^^^^^^^^^^^^^^^^^^^^^^
  File "C:\Users\jyash\Desktop\djang\djan\Lib\site-packages\django\db\models\manager.py", line 87, in manager_method
    return getattr(self.get_queryset(), name)(*args, **kwargs)
           ^^^^^^^^^^^^^^^^^^^^^^^^^^^^^^^^^^^^^^^^^^^^^^^^^^^
  File "C:\Users\jyash\Desktop\djang\djan\Lib\site-packages\django\db\models\query.py", line 1493, in filter
    return self._filter_or_exclude(False, args, kwargs)
           ^^^^^^^^^^^^^^^^^^^^^^^^^^^^^^^^^^^^^^^^^^^^
  File "C:\Users\jyash\Desktop\djang\djan\Lib\site-packages\django\db\models\query.py", line 1511, in _filter_or_exclude
    clone._filter_or_exclude_inplace(negate, args, kwargs)
  File "C:\Users\jyash\Desktop\djang\djan\Lib\site-packages\django\db\models\query.py", line 1518, in _filter_or_exclude_inplace
    self._query.add_q(Q(*args, **kwargs))
  File "C:\Users\jyash\Desktop\djang\djan\Lib\site-packages\django\db\models\sql\query.py", line 1646, in add_q
    clause, _ = self._add_q(q_object, can_reuse)
                ^^^^^^^^^^^^^^^^^^^^^^^^^^^^^^^^
  File "C:\Users\jyash\Desktop\djang\djan\Lib\site-packages\django\db\models\sql\query.py", line 1678, in _add_q
    child_clause, needed_inner = self.build_filter(
                                 ^^^^^^^^^^^^^^^^^^
  File "C:\Users\jyash\Desktop\djang\djan\Lib\site-packages\django\db\models\sql\query.py", line 1563, in build_filter
    self.check_related_objects(join_info.final_field, value, join_info.opts)
  File "C:\Users\jyash\Desktop\djang\djan\Lib\site-packages\django\db\models\sql\query.py", line 1372, in check_related_objects
    self.check_query_object_type(value, opts, field)
  File "C:\Users\jyash\Desktop\djang\djan\Lib\site-packages\django\db\models\sql\query.py", line 1349, in check_query_object_type
    raise ValueError(
ValueError: Cannot query "hell": Must be "Seller" instance.
"GET /profile/add-address/ HTTP/1.1" 500 116543
Internal Server Error: /profile/add-address/
Traceback (most recent call last):
  File "C:\Users\jyash\Desktop\djang\djan\Lib\site-packages\django\core\handlers\exception.py", line 55, in inner
    response = get_response(request)
               ^^^^^^^^^^^^^^^^^^^^^
  File "C:\Users\jyash\Desktop\djang\djan\Lib\site-packages\django\core\handlers\base.py", line 197, in _get_response
    response = wrapped_callback(request, *callback_args, **callback_kwargs)
               ^^^^^^^^^^^^^^^^^^^^^^^^^^^^^^^^^^^^^^^^^^^^^^^^^^^^^^^^^^^^
  File "C:\Users\jyash\Desktop\ecom\userprofile\views.py", line 61, in add_address
    user = UserProfile.objects.filter(user=request.user).first()
           ^^^^^^^^^^^^^^^^^^^^^^^^^^^^^^^^^^^^^^^^^^^^^
  File "C:\Users\jyash\Desktop\djang\djan\Lib\site-packages\django\db\models\manager.py", line 87, in manager_method
    return getattr(self.get_queryset(), name)(*args, **kwargs)
           ^^^^^^^^^^^^^^^^^^^^^^^^^^^^^^^^^^^^^^^^^^^^^^^^^^^
  File "C:\Users\jyash\Desktop\djang\djan\Lib\site-packages\django\db\models\query.py", line 1493, in filter
    return self._filter_or_exclude(False, args, kwargs)
           ^^^^^^^^^^^^^^^^^^^^^^^^^^^^^^^^^^^^^^^^^^^^
  File "C:\Users\jyash\Desktop\djang\djan\Lib\site-packages\django\db\models\query.py", line 1511, in _filter_or_exclude
    clone._filter_or_exclude_inplace(negate, args, kwargs)
  File "C:\Users\jyash\Desktop\djang\djan\Lib\site-packages\django\db\models\query.py", line 1518, in _filter_or_exclude_inplace
    self._query.add_q(Q(*args, **kwargs))
  File "C:\Users\jyash\Desktop\djang\djan\Lib\site-packages\django\db\models\sql\query.py", line 1646, in add_q
    clause, _ = self._add_q(q_object, can_reuse)
                ^^^^^^^^^^^^^^^^^^^^^^^^^^^^^^^^
  File "C:\Users\jyash\Desktop\djang\djan\Lib\site-packages\django\db\models\sql\query.py", line 1678, in _add_q
    child_clause, needed_inner = self.build_filter(
                                 ^^^^^^^^^^^^^^^^^^
  File "C:\Users\jyash\Desktop\djang\djan\Lib\site-packages\django\db\models\sql\query.py", line 1563, in build_filter
    self.check_related_objects(join_info.final_field, value, join_info.opts)
  File "C:\Users\jyash\Desktop\djang\djan\Lib\site-packages\django\db\models\sql\query.py", line 1372, in check_related_objects
    self.check_query_object_type(value, opts, field)
  File "C:\Users\jyash\Desktop\djang\djan\Lib\site-packages\django\db\models\sql\query.py", line 1349, in check_query_object_type
    raise ValueError(
ValueError: Cannot query "hell": Must be "Seller" instance.
"GET /profile/add-address/ HTTP/1.1" 500 116543
Internal Server Error: /profile/add-address/
Traceback (most recent call last):
  File "C:\Users\jyash\Desktop\djang\djan\Lib\site-packages\django\core\handlers\exception.py", line 55, in inner
    response = get_response(request)
               ^^^^^^^^^^^^^^^^^^^^^
  File "C:\Users\jyash\Desktop\djang\djan\Lib\site-packages\django\core\handlers\base.py", line 197, in _get_response
    response = wrapped_callback(request, *callback_args, **callback_kwargs)
               ^^^^^^^^^^^^^^^^^^^^^^^^^^^^^^^^^^^^^^^^^^^^^^^^^^^^^^^^^^^^
  File "C:\Users\jyash\Desktop\ecom\userprofile\views.py", line 61, in add_address
    user = UserProfile.objects.filter(user=request.user).first()
           ^^^^^^^^^^^^^^^^^^^^^^^^^^^^^^^^^^^^^^^^^^^^^
  File "C:\Users\jyash\Desktop\djang\djan\Lib\site-packages\django\db\models\manager.py", line 87, in manager_method
    return getattr(self.get_queryset(), name)(*args, **kwargs)
           ^^^^^^^^^^^^^^^^^^^^^^^^^^^^^^^^^^^^^^^^^^^^^^^^^^^
  File "C:\Users\jyash\Desktop\djang\djan\Lib\site-packages\django\db\models\query.py", line 1493, in filter
    return self._filter_or_exclude(False, args, kwargs)
           ^^^^^^^^^^^^^^^^^^^^^^^^^^^^^^^^^^^^^^^^^^^^
  File "C:\Users\jyash\Desktop\djang\djan\Lib\site-packages\django\db\models\query.py", line 1511, in _filter_or_exclude
    clone._filter_or_exclude_inplace(negate, args, kwargs)
  File "C:\Users\jyash\Desktop\djang\djan\Lib\site-packages\django\db\models\query.py", line 1518, in _filter_or_exclude_inplace
    self._query.add_q(Q(*args, **kwargs))
  File "C:\Users\jyash\Desktop\djang\djan\Lib\site-packages\django\db\models\sql\query.py", line 1646, in add_q
    clause, _ = self._add_q(q_object, can_reuse)
                ^^^^^^^^^^^^^^^^^^^^^^^^^^^^^^^^
  File "C:\Users\jyash\Desktop\djang\djan\Lib\site-packages\django\db\models\sql\query.py", line 1678, in _add_q
    child_clause, needed_inner = self.build_filter(
                                 ^^^^^^^^^^^^^^^^^^
  File "C:\Users\jyash\Desktop\djang\djan\Lib\site-packages\django\db\models\sql\query.py", line 1563, in build_filter
    self.check_related_objects(join_info.final_field, value, join_info.opts)
  File "C:\Users\jyash\Desktop\djang\djan\Lib\site-packages\django\db\models\sql\query.py", line 1372, in check_related_objects
    self.check_query_object_type(value, opts, field)
  File "C:\Users\jyash\Desktop\djang\djan\Lib\site-packages\django\db\models\sql\query.py", line 1349, in check_query_object_type
    raise ValueError(
ValueError: Cannot query "hell": Must be "Seller" instance.
"GET /profile/add-address/ HTTP/1.1" 500 116543
C:\Users\jyash\Desktop\ecom\userprofile\views.py changed, reloading.
Watching for file changes with StatReloader
Internal Server Error: /profile/add-address/
Traceback (most recent call last):
  File "C:\Users\jyash\Desktop\djang\djan\Lib\site-packages\django\core\handlers\exception.py", line 55, in inner
    response = get_response(request)
               ^^^^^^^^^^^^^^^^^^^^^
  File "C:\Users\jyash\Desktop\djang\djan\Lib\site-packages\django\core\handlers\base.py", line 197, in _get_response
    response = wrapped_callback(request, *callback_args, **callback_kwargs)
               ^^^^^^^^^^^^^^^^^^^^^^^^^^^^^^^^^^^^^^^^^^^^^^^^^^^^^^^^^^^^
  File "C:\Users\jyash\Desktop\ecom\userprofile\views.py", line 61, in add_address
    user = UserProfile.objects.filter(user=request.user).first()
           ^^^^^^^^^^^^^^^^^^^^^^^^^^^^^^^^^^^^^^^^^^^^^
  File "C:\Users\jyash\Desktop\djang\djan\Lib\site-packages\django\db\models\manager.py", line 87, in manager_method
    return getattr(self.get_queryset(), name)(*args, **kwargs)
           ^^^^^^^^^^^^^^^^^^^^^^^^^^^^^^^^^^^^^^^^^^^^^^^^^^^
  File "C:\Users\jyash\Desktop\djang\djan\Lib\site-packages\django\db\models\query.py", line 1493, in filter
    return self._filter_or_exclude(False, args, kwargs)
           ^^^^^^^^^^^^^^^^^^^^^^^^^^^^^^^^^^^^^^^^^^^^
  File "C:\Users\jyash\Desktop\djang\djan\Lib\site-packages\django\db\models\query.py", line 1511, in _filter_or_exclude
    clone._filter_or_exclude_inplace(negate, args, kwargs)
  File "C:\Users\jyash\Desktop\djang\djan\Lib\site-packages\django\db\models\query.py", line 1518, in _filter_or_exclude_inplace
    self._query.add_q(Q(*args, **kwargs))
  File "C:\Users\jyash\Desktop\djang\djan\Lib\site-packages\django\db\models\sql\query.py", line 1646, in add_q
    clause, _ = self._add_q(q_object, can_reuse)
                ^^^^^^^^^^^^^^^^^^^^^^^^^^^^^^^^
  File "C:\Users\jyash\Desktop\djang\djan\Lib\site-packages\django\db\models\sql\query.py", line 1678, in _add_q
    child_clause, needed_inner = self.build_filter(
                                 ^^^^^^^^^^^^^^^^^^
  File "C:\Users\jyash\Desktop\djang\djan\Lib\site-packages\django\db\models\sql\query.py", line 1563, in build_filter
    self.check_related_objects(join_info.final_field, value, join_info.opts)
  File "C:\Users\jyash\Desktop\djang\djan\Lib\site-packages\django\db\models\sql\query.py", line 1372, in check_related_objects
    self.check_query_object_type(value, opts, field)
  File "C:\Users\jyash\Desktop\djang\djan\Lib\site-packages\django\db\models\sql\query.py", line 1349, in check_query_object_type
    raise ValueError(
ValueError: Cannot query "hell": Must be "Seller" instance.
"GET /profile/add-address/ HTTP/1.1" 500 116543
Watching for file changes with StatReloader
"GET / HTTP/1.1" 302 0
"GET /store/ HTTP/1.1" 200 34786
"GET /profile/ HTTP/1.1" 200 20283
Internal Server Error: /profile/add-address/
Traceback (most recent call last):
  File "C:\Users\jyash\Desktop\djang\djan\Lib\site-packages\django\core\handlers\exception.py", line 55, in inner
    response = get_response(request)
               ^^^^^^^^^^^^^^^^^^^^^
  File "C:\Users\jyash\Desktop\djang\djan\Lib\site-packages\django\core\handlers\base.py", line 197, in _get_response
    response = wrapped_callback(request, *callback_args, **callback_kwargs)
               ^^^^^^^^^^^^^^^^^^^^^^^^^^^^^^^^^^^^^^^^^^^^^^^^^^^^^^^^^^^^
  File "C:\Users\jyash\Desktop\ecom\userprofile\views.py", line 61, in add_address
    user = UserProfile.objects.filter(user=request.user).first()
           ^^^^^^^^^^^^^^^^^^^^^^^^^^^^^^^^^^^^^^^^^^^^^
  File "C:\Users\jyash\Desktop\djang\djan\Lib\site-packages\django\db\models\manager.py", line 87, in manager_method
    return getattr(self.get_queryset(), name)(*args, **kwargs)
           ^^^^^^^^^^^^^^^^^^^^^^^^^^^^^^^^^^^^^^^^^^^^^^^^^^^
  File "C:\Users\jyash\Desktop\djang\djan\Lib\site-packages\django\db\models\query.py", line 1493, in filter
    return self._filter_or_exclude(False, args, kwargs)
           ^^^^^^^^^^^^^^^^^^^^^^^^^^^^^^^^^^^^^^^^^^^^
  File "C:\Users\jyash\Desktop\djang\djan\Lib\site-packages\django\db\models\query.py", line 1511, in _filter_or_exclude
    clone._filter_or_exclude_inplace(negate, args, kwargs)
  File "C:\Users\jyash\Desktop\djang\djan\Lib\site-packages\django\db\models\query.py", line 1518, in _filter_or_exclude_inplace
    self._query.add_q(Q(*args, **kwargs))
  File "C:\Users\jyash\Desktop\djang\djan\Lib\site-packages\django\db\models\sql\query.py", line 1646, in add_q
    clause, _ = self._add_q(q_object, can_reuse)
                ^^^^^^^^^^^^^^^^^^^^^^^^^^^^^^^^
  File "C:\Users\jyash\Desktop\djang\djan\Lib\site-packages\django\db\models\sql\query.py", line 1678, in _add_q
    child_clause, needed_inner = self.build_filter(
                                 ^^^^^^^^^^^^^^^^^^
  File "C:\Users\jyash\Desktop\djang\djan\Lib\site-packages\django\db\models\sql\query.py", line 1563, in build_filter
    self.check_related_objects(join_info.final_field, value, join_info.opts)
  File "C:\Users\jyash\Desktop\djang\djan\Lib\site-packages\django\db\models\sql\query.py", line 1372, in check_related_objects
    self.check_query_object_type(value, opts, field)
  File "C:\Users\jyash\Desktop\djang\djan\Lib\site-packages\django\db\models\sql\query.py", line 1349, in check_query_object_type
    raise ValueError(
ValueError: Cannot query "hell": Must be "Seller" instance.
"GET /profile/add-address/ HTTP/1.1" 500 116406
C:\Users\jyash\Desktop\ecom\userprofile\views.py changed, reloading.
Watching for file changes with StatReloader
Internal Server Error: /profile/add-address/
Traceback (most recent call last):
  File "C:\Users\jyash\Desktop\djang\djan\Lib\site-packages\django\core\handlers\exception.py", line 55, in inner
    response = get_response(request)
               ^^^^^^^^^^^^^^^^^^^^^
  File "C:\Users\jyash\Desktop\djang\djan\Lib\site-packages\django\core\handlers\base.py", line 197, in _get_response
    response = wrapped_callback(request, *callback_args, **callback_kwargs)
               ^^^^^^^^^^^^^^^^^^^^^^^^^^^^^^^^^^^^^^^^^^^^^^^^^^^^^^^^^^^^
  File "C:\Users\jyash\Desktop\ecom\userprofile\views.py", line 61, in add_address
    user = UserProfile.objects.filter(user=request.user).first()
           ^^^^^^^^^^^^^^^^^^^^^^^^^^^^^^^^^^^^^^^^^^^^^
  File "C:\Users\jyash\Desktop\djang\djan\Lib\site-packages\django\db\models\manager.py", line 87, in manager_method
    return getattr(self.get_queryset(), name)(*args, **kwargs)
           ^^^^^^^^^^^^^^^^^^^^^^^^^^^^^^^^^^^^^^^^^^^^^^^^^^^
  File "C:\Users\jyash\Desktop\djang\djan\Lib\site-packages\django\db\models\query.py", line 1493, in filter
    return self._filter_or_exclude(False, args, kwargs)
           ^^^^^^^^^^^^^^^^^^^^^^^^^^^^^^^^^^^^^^^^^^^^
  File "C:\Users\jyash\Desktop\djang\djan\Lib\site-packages\django\db\models\query.py", line 1511, in _filter_or_exclude
    clone._filter_or_exclude_inplace(negate, args, kwargs)
  File "C:\Users\jyash\Desktop\djang\djan\Lib\site-packages\django\db\models\query.py", line 1518, in _filter_or_exclude_inplace
    self._query.add_q(Q(*args, **kwargs))
  File "C:\Users\jyash\Desktop\djang\djan\Lib\site-packages\django\db\models\sql\query.py", line 1646, in add_q
    clause, _ = self._add_q(q_object, can_reuse)
                ^^^^^^^^^^^^^^^^^^^^^^^^^^^^^^^^
  File "C:\Users\jyash\Desktop\djang\djan\Lib\site-packages\django\db\models\sql\query.py", line 1678, in _add_q
    child_clause, needed_inner = self.build_filter(
                                 ^^^^^^^^^^^^^^^^^^
  File "C:\Users\jyash\Desktop\djang\djan\Lib\site-packages\django\db\models\sql\query.py", line 1563, in build_filter
    self.check_related_objects(join_info.final_field, value, join_info.opts)
  File "C:\Users\jyash\Desktop\djang\djan\Lib\site-packages\django\db\models\sql\query.py", line 1372, in check_related_objects
    self.check_query_object_type(value, opts, field)
  File "C:\Users\jyash\Desktop\djang\djan\Lib\site-packages\django\db\models\sql\query.py", line 1349, in check_query_object_type
    raise ValueError(
ValueError: Cannot query "hell": Must be "Seller" instance.
"GET /profile/add-address/ HTTP/1.1" 500 116543
Internal Server Error: /profile/add-address/
Traceback (most recent call last):
  File "C:\Users\jyash\Desktop\djang\djan\Lib\site-packages\django\core\handlers\exception.py", line 55, in inner
    response = get_response(request)
               ^^^^^^^^^^^^^^^^^^^^^
  File "C:\Users\jyash\Desktop\djang\djan\Lib\site-packages\django\core\handlers\base.py", line 197, in _get_response
    response = wrapped_callback(request, *callback_args, **callback_kwargs)
               ^^^^^^^^^^^^^^^^^^^^^^^^^^^^^^^^^^^^^^^^^^^^^^^^^^^^^^^^^^^^
  File "C:\Users\jyash\Desktop\ecom\userprofile\views.py", line 61, in add_address
    user = UserProfile.objects.filter(user=request.user).first()
           ^^^^^^^^^^^^^^^^^^^^^^^^^^^^^^^^^^^^^^^^^^^^^
  File "C:\Users\jyash\Desktop\djang\djan\Lib\site-packages\django\db\models\manager.py", line 87, in manager_method
    return getattr(self.get_queryset(), name)(*args, **kwargs)
           ^^^^^^^^^^^^^^^^^^^^^^^^^^^^^^^^^^^^^^^^^^^^^^^^^^^
  File "C:\Users\jyash\Desktop\djang\djan\Lib\site-packages\django\db\models\query.py", line 1493, in filter
    return self._filter_or_exclude(False, args, kwargs)
           ^^^^^^^^^^^^^^^^^^^^^^^^^^^^^^^^^^^^^^^^^^^^
  File "C:\Users\jyash\Desktop\djang\djan\Lib\site-packages\django\db\models\query.py", line 1511, in _filter_or_exclude
    clone._filter_or_exclude_inplace(negate, args, kwargs)
  File "C:\Users\jyash\Desktop\djang\djan\Lib\site-packages\django\db\models\query.py", line 1518, in _filter_or_exclude_inplace
    self._query.add_q(Q(*args, **kwargs))
  File "C:\Users\jyash\Desktop\djang\djan\Lib\site-packages\django\db\models\sql\query.py", line 1646, in add_q
    clause, _ = self._add_q(q_object, can_reuse)
                ^^^^^^^^^^^^^^^^^^^^^^^^^^^^^^^^
  File "C:\Users\jyash\Desktop\djang\djan\Lib\site-packages\django\db\models\sql\query.py", line 1678, in _add_q
    child_clause, needed_inner = self.build_filter(
                                 ^^^^^^^^^^^^^^^^^^
  File "C:\Users\jyash\Desktop\djang\djan\Lib\site-packages\django\db\models\sql\query.py", line 1563, in build_filter
    self.check_related_objects(join_info.final_field, value, join_info.opts)
  File "C:\Users\jyash\Desktop\djang\djan\Lib\site-packages\django\db\models\sql\query.py", line 1372, in check_related_objects
    self.check_query_object_type(value, opts, field)
  File "C:\Users\jyash\Desktop\djang\djan\Lib\site-packages\django\db\models\sql\query.py", line 1349, in check_query_object_type
    raise ValueError(
ValueError: Cannot query "hell": Must be "Seller" instance.
"GET /profile/add-address/ HTTP/1.1" 500 116543
C:\Users\jyash\Desktop\ecom\userprofile\views.py changed, reloading.
Watching for file changes with StatReloader
C:\Users\jyash\Desktop\ecom\userprofile\views.py changed, reloading.
Watching for file changes with StatReloader
C:\Users\jyash\Desktop\ecom\userprofile\views.py changed, reloading.
Watching for file changes with StatReloader
"GET /profile/ HTTP/1.1" 200 20283
"GET /store/ HTTP/1.1" 200 34786
"GET /media/products/product-9.jpg HTTP/1.1" 304 0
"GET /media/products/6.jpg HTTP/1.1" 304 0
"GET /media/products/product-14.jpg HTTP/1.1" 304 0
"GET /profile/ HTTP/1.1" 200 20283
Internal Server Error: /profile/add-address/
Traceback (most recent call last):
  File "C:\Users\jyash\Desktop\djang\djan\Lib\site-packages\django\core\handlers\exception.py", line 55, in inner
    response = get_response(request)
               ^^^^^^^^^^^^^^^^^^^^^
  File "C:\Users\jyash\Desktop\djang\djan\Lib\site-packages\django\core\handlers\base.py", line 197, in _get_response
    response = wrapped_callback(request, *callback_args, **callback_kwargs)
               ^^^^^^^^^^^^^^^^^^^^^^^^^^^^^^^^^^^^^^^^^^^^^^^^^^^^^^^^^^^^
  File "C:\Users\jyash\Desktop\ecom\userprofile\views.py", line 61, in add_address
    user = UserProfile.objects.filter(username=request.username).first()
                                               ^^^^^^^^^^^^^^^^
AttributeError: 'WSGIRequest' object has no attribute 'username'
"GET /profile/add-address/ HTTP/1.1" 500 71438
C:\Users\jyash\Desktop\ecom\userprofile\views.py changed, reloading.
Watching for file changes with StatReloader
"GET /profile/add-address/ HTTP/1.1" 200 4100
"POST /store/checkout/ HTTP/1.1" 200 16266
C:\Users\jyash\Desktop\ecom\userprofile\views.py changed, reloading.
Watching for file changes with StatReloader
C:\Users\jyash\Desktop\ecom\userprofile\views.py changed, reloading.
Watching for file changes with StatReloader
"POST /store/checkout/ HTTP/1.1" 200 16266
"GET /admin/ HTTP/1.1" 302 0
"GET /admin/login/?next=/admin/ HTTP/1.1" 200 3686
"POST /admin/login/?next=/admin/ HTTP/1.1" 302 0
"GET /admin/ HTTP/1.1" 200 14642
"GET /admin/userprofile/addressd/ HTTP/1.1" 200 11464
"GET /admin/jsi18n/ HTTP/1.1" 200 3342
C:\Users\jyash\Desktop\ecom\userprofile\views.py changed, reloading.
Watching for file changes with StatReloader
"POST /store/checkout/ HTTP/1.1" 200 16266
"GET /admin/userprofile/addressd/ HTTP/1.1" 200 11464
"GET /admin/jsi18n/ HTTP/1.1" 200 3342
"GET /admin/userprofile/addressd/add/ HTTP/1.1" 200 17757
"GET /admin/jsi18n/ HTTP/1.1" 200 3342
"POST /admin/userprofile/addressd/add/ HTTP/1.1" 302 0
"GET /admin/userprofile/addressd/ HTTP/1.1" 200 12999
"GET /admin/jsi18n/ HTTP/1.1" 200 3342
"POST /store/checkout/ HTTP/1.1" 200 16266
C:\Users\jyash\Desktop\ecom\userprofile\views.py changed, reloading.
Watching for file changes with StatReloader
"GET /profile/add-address/ HTTP/1.1" 200 4100
"POST /store/checkout/ HTTP/1.1" 200 16266
